Kohima Sadar,Kohima H.O,797001,Kohima Sadar,KOHIMA,NAGALAND
Jotsoma,Jotsoma B.O,797002,Sechu,KOHIMA,NAGALAND
Jotsoma,Kohima Science College S.O,797002,Sechu,KOHIMA,NAGALAND
Khonoma,Khonoma B.O,797002,Sechu,KOHIMA,NAGALAND
Dzulakema,Khonoma B.O,797002,Sechu,KOHIMA,NAGALAND
Poilwa,Poilwa B.O,797002,Pedi (Ngwalwa),PEREN,NAGALAND
New Puilwa,Poilwa B.O,797002,Peren,PEREN,NAGALAND
Old Puilwa,Poilwa B.O,797002,Peren,PEREN,NAGALAND
Mezoma,Mezoma B.O,797002,Sechu,KOHIMA,NAGALAND
Chiedema,Chedema B.O,797003,Kohima Sadar,KOHIMA,NAGALAND
Kezo Basa,Kizocha B.O,797003,Kezocha,KOHIMA,NAGALAND
Kezocha Hq,Kizocha B.O,797003,Kezocha,KOHIMA,NAGALAND
Meriema,Kohima Village S.O,797003,Chiephobozou,KOHIMA,NAGALAND
Rusoma,Rusoma B.O,797003,Chiephobozou,KOHIMA,NAGALAND
Kohima Vill,Kohima Village S.O,797003,Kohima Sadar,KOHIMA,NAGALAND
Kezo Town,Kizocha B.O,797003,Kezocha,KOHIMA,NAGALAND
Chakhabama,Chakhabama B.O,797003,Kezocha,KOHIMA,NAGALAND
Chiede Model Vill.,Chedema B.O,797003,Kohima Sadar,KOHIMA,NAGALAND
Dihoma,Dihoma B.O,797003,Kezocha,KOHIMA,NAGALAND
Kezocha,Kizocha B.O,797003,Kezocha,KOHIMA,NAGALAND
Kezoma,Kizocha B.O,797003,Kezocha,KOHIMA,NAGALAND
Tsiedema,Ciesema B.O,797003,Kohima Sadar,KOHIMA,NAGALAND
Kijumetouma,Dihoma B.O,797003,Kezocha,KOHIMA,NAGALAND
Model Vill.,Kohima Village S.O,797003,Chiephobozou,KOHIMA,NAGALAND
Kohima Sadar,New Sectt Complex S.O,797004,Kohima Sadar,KOHIMA,NAGALAND
Thizama,Thizama B.O,797004,Chiephobozou,KOHIMA,NAGALAND
4Th NAP Batt. Thiza,Thizama B.O,797004,Chiephobozou,KOHIMA,NAGALAND
Kigwe Basa(UR),Kigwema B.O,797021,Jakhama,KOHIMA,NAGALAND
Mitelephe,Mima B.O,797021,Kezocha,KOHIMA,NAGALAND
Sweba(Viswema) (UR),Viswema B.O,797021,Jakhama,KOHIMA,NAGALAND
Kigwema,Kigwema B.O,797021,Jakhama,KOHIMA,NAGALAND
Kedima,Kedima B.O,797021,Kezocha,KOHIMA,NAGALAND
Khuzama,Khuzama B.O,797021,Jakhama,KOHIMA,NAGALAND
Kegwe Town(UR),Kigwema B.O,797021,Jakhama,KOHIMA,NAGALAND
Mima,Mima B.O,797021,Jakhama,KOHIMA,NAGALAND
Viswema,Viswema B.O,797021,Jakhama,KOHIMA,NAGALAND
Bhandari Hq,Bhandari S.O,797099,Bhandari,WOKHA,NAGALAND
Lalong,N.Song B.O,797101,Nsong,KOHIMA,NAGALAND
Mbaulwa,Mbaulwa B.O,797101,Tening,PEREN,NAGALAND
Mpai (New),Peren S.O,797101,Peren,PEREN,NAGALAND
Mpai (Old),Peren S.O,797101,Peren,PEREN,NAGALAND
Nchangram,Nchongram B.O,797101,Tening,PEREN,NAGALAND
New Tesen,Tening B.O,797101,Tening,PEREN,NAGALAND
Nkialwa,Tening B.O,797101,Tening,PEREN,NAGALAND
Nsong Vill.,N.Song B.O,797101,Nsong,KOHIMA,NAGALAND
Nzau (Old),Tening B.O,797101,Tening,PEREN,NAGALAND
Old Ngaulong,N.Song B.O,797101,Nsong,KOHIMA,NAGALAND
Peren Namdi,Peren S.O,797101,Peren,PEREN,NAGALAND
Tening Christ Vill.,Tening B.O,797101,Tening,PEREN,NAGALAND
Tening Hq,Tening B.O,797101,Tening,PEREN,NAGALAND
Nkio (Old),Tening B.O,797101,Tening,PEREN,NAGALAND
Nsong,N.Song B.O,797101,Nsong,KOHIMA,NAGALAND
Old Tesen,Tening B.O,797101,Tening,PEREN,NAGALAND
Peren (New),Peren S.O,797101,Peren,PEREN,NAGALAND
Azailong,Tening B.O,797101,Tening,PEREN,NAGALAND
Bunglen,Tening B.O,797101,Athibung,KOHIMA,NAGALAND
Kipeujang,Peren S.O,797101,Peren,PEREN,NAGALAND
Tening,Tening B.O,797101,Tening,PEREN,NAGALAND
Bamsiakelu,N.Song B.O,797101,Nsong,KOHIMA,NAGALAND
Nchan (Mechangbum),N.Song B.O,797101,Nsong,KOHIMA,NAGALAND
Ndunglwa,Peren S.O,797101,Peren,PEREN,NAGALAND
Upper Sinjol,Tening B.O,797101,Tening,PEREN,NAGALAND
Chisailhem,Tening B.O,797101,Athibung,KOHIMA,NAGALAND
Heiranglwa,Tening B.O,797101,Tening,PEREN,NAGALAND
Mbaupungwa,Tening B.O,797101,Tening,PEREN,NAGALAND
Ngam,N.Song B.O,797101,Nsong,KOHIMA,NAGALAND
Nsong Hq,N.Song B.O,797101,Nsong,KOHIMA,NAGALAND
Nzau Namsan,Tening B.O,797101,Tening,PEREN,NAGALAND
Peren Hq,Peren S.O,797101,Peren,PEREN,NAGALAND
Tening (Old),Tening B.O,797101,Tening,PEREN,NAGALAND
Nzauna,N.Song B.O,797101,Nsong,KOHIMA,NAGALAND
Peren (Old),Peren S.O,797101,Peren,PEREN,NAGALAND
Tepun,Tening B.O,797101,Tening,PEREN,NAGALAND
Kendung,Peren S.O,797101,Peren,PEREN,NAGALAND
Ntu,Tening B.O,797101,Tening,PEREN,NAGALAND
Peletkie,Peren S.O,797101,Peren,PEREN,NAGALAND
Peren,Peren S.O,797101,Peren,PEREN,NAGALAND
Aqahuto S/Comp.,Pimla B.O,797103,Dhansiripar,DIMAPUR,NAGALAND
Khehoyi,Nihekhu B.O,797103,Nihokhu,DIMAPUR,NAGALAND
Mhaikam,Moaikam B.O,797103,Jalukie,PEREN,NAGALAND
Seithekema (New),P C College B.O,797103,Chumukedima,DIMAPUR,NAGALAND
Shozukhu,P C College B.O,797103,Chumukedima,DIMAPUR,NAGALAND
Sodzulhou,P C College B.O,797103,Chumukedima,DIMAPUR,NAGALAND
Tenyiphe I,Tenyiphe B.O,797103,Chumukedima,DIMAPUR,NAGALAND
Chumukedima,P C College B.O,797103,Chumukedima,DIMAPUR,NAGALAND
Kriezephe,Chumukedima S.O,797103,Chumukedima,DIMAPUR,NAGALAND
L.Hetoi,Chumukedima S.O,797103,Chumukedima,DIMAPUR,NAGALAND
Seithekema'C',P C College B.O,797103,Chumukedima,DIMAPUR,NAGALAND
Tseithrongse,Chumukedima S.O,797103,Chumukedima,DIMAPUR,NAGALAND
Vipon,Chumukedima S.O,797103,Chumukedima,DIMAPUR,NAGALAND
Zani,Chumukedima S.O,797103,Chumukedima,DIMAPUR,NAGALAND
Murise,Chumukedima S.O,797103,Chumukedima,DIMAPUR,NAGALAND
Pimla,Pimla B.O,797103,Dhansiripar,DIMAPUR,NAGALAND
Shitovi,Pimla B.O,797103,Dhansiripar,DIMAPUR,NAGALAND
Chumukedima,Chumukedima S.O,797103,Chumukedima,DIMAPUR,NAGALAND
Seithekema'A',P C College B.O,797103,Chumukedima,DIMAPUR,NAGALAND
Sukhato,Nihekhu B.O,797103,Nihokhu,DIMAPUR,NAGALAND
Seithekema (Old),P C College B.O,797103,Chumukedima,DIMAPUR,NAGALAND
Tenyiphe II,Tenyiphe B.O,797103,Chumukedima,DIMAPUR,NAGALAND
Hozhukhe,Nihekhu B.O,797103,Nihokhu,DIMAPUR,NAGALAND
Khopanala,Khopoanaula B.O,797103,Chumukedima,DIMAPUR,NAGALAND
Nihokhu,Nihekhu B.O,797103,Nihokhu,DIMAPUR,NAGALAND
Shikuto (UR),Pimla B.O,797103,Dhansiripar,DIMAPUR,NAGALAND
Vidima,Chumukedima S.O,797103,Chumukedima,DIMAPUR,NAGALAND
Viniho (UR),Pimla B.O,797103,Dhansiripar,DIMAPUR,NAGALAND
Ghokuto,Nihekhu B.O,797103,Nihokhu,DIMAPUR,NAGALAND
J.V.Perhereilie,Chumukedima S.O,797103,Chumukedima,DIMAPUR,NAGALAND
K. Hetoi,Chumukedima S.O,797103,Chumukedima,DIMAPUR,NAGALAND
Zutovi,Pimla B.O,797103,Dhansiripar,DIMAPUR,NAGALAND
Chumukedima Vill.,Chumukedima S.O,797103,Chumukedima,DIMAPUR,NAGALAND
Nikhekhu,Nihekhu B.O,797103,Nihokhu,DIMAPUR,NAGALAND
Ura Peace Camp,Chumukedima S.O,797103,Chumukedima,DIMAPUR,NAGALAND
Chetheba,Chetheba B.O,797104,Chetheba,PHEK,NAGALAND
Chozuba Hq,Chozuba S.O,797104,Chozuba,PHEK,NAGALAND
Khesomi,Chozuba S.O,797104,Chozuba,PHEK,NAGALAND
Runguzumi Nasa,Runguzumi B.O,797104,Chozuba,PHEK,NAGALAND
Runguzumi Nawe,Runguzumi B.O,797104,Chozuba,PHEK,NAGALAND
Ruzhazomi,Phugwu B.O,797104,Sekruzu,PHEK,NAGALAND
Ighanumi,Chozuba S.O,797104,Ghathashi,ZUNHEBOTTO,NAGALAND
Dzulhami,Dzulhami B.O,797104,Sekruzu,PHEK,NAGALAND
Sekruzu,Phugwu B.O,797104,Sekruzu,PHEK,NAGALAND
Chozuba,Chozuba S.O,797104,Chozuba,PHEK,NAGALAND
Khutsami,Phugwu B.O,797104,Sekruzu,PHEK,NAGALAND
Kilomi,Kilomi B.O,797104,Ghathashi,ZUNHEBOTTO,NAGALAND
Thenyizumi,Thenizumi B.O,797104,Chetheba,PHEK,NAGALAND
Chetheba Hq,Chetheba B.O,797104,Chetheba,PHEK,NAGALAND
Chozuba Vill.,Chozuba S.O,797104,Chozuba,PHEK,NAGALAND
Khulazu Basa,Chetheba B.O,797104,Chetheba,PHEK,NAGALAND
Khulazu Bawe,Chetheba B.O,797104,Chetheba,PHEK,NAGALAND
Sekrezu,Phugwu B.O,797104,Sekruzu,PHEK,NAGALAND
Suthazu Nawe,Phugwu B.O,797104,Sekruzu,PHEK,NAGALAND
Therhutsesemi,Phugwu B.O,797104,Sekruzu,PHEK,NAGALAND
Chesezu Nasa,Chetheba B.O,797104,Chetheba,PHEK,NAGALAND
Chesezumi,Chetheba B.O,797104,Chetheba,PHEK,NAGALAND
Suthazu Nasa,Phugwu B.O,797104,Sekruzu,PHEK,NAGALAND
Thevopisu,Thvophisumi B.O,797104,Chozuba,PHEK,NAGALAND
Khughutomi,Kilomi B.O,797104,Ghathashi,ZUNHEBOTTO,NAGALAND
Phugwumi,Phugwu B.O,797104,Sekruzu,PHEK,NAGALAND
Yoruba,Yaribami B.O,797104,Chozuba,PHEK,NAGALAND
Phekerkrie Bawe,Chiephobozou B.O,797105,Chiephobozou,KOHIMA,NAGALAND
Gareiphema,Tuophema B.O,797105,Chiephobozou,KOHIMA,NAGALAND
Mishilimi,Mishilimi B.O,797105,Pughoboto,ZUNHEBOTTO,NAGALAND
Nerhema,Chiephobozou B.O,797105,Chiephobozou,KOHIMA,NAGALAND
Seiyhama,Botsa B.O,797105,Chiephobozou,KOHIMA,NAGALAND
Tsiemekhuma,Botsa B.O,797105,Chiephobozou,KOHIMA,NAGALAND
Teichuma,Tuophema B.O,797105,Chiephobozou,KOHIMA,NAGALAND
Ziezou,Zhadima B.O,797105,Chiephobozou,KOHIMA,NAGALAND
Botsa,Botsa B.O,797105,Chiephobozou,KOHIMA,NAGALAND
Nachama,Chiephobozou B.O,797105,Chiephobozou,KOHIMA,NAGALAND
Chiephobozou,Chiephobozou B.O,797105,Chiephobozou,KOHIMA,NAGALAND
Gukhanyu,Tuophema B.O,797105,Tseminyu,KOHIMA,NAGALAND
Tsiese Bawe,Chiechama S.O,797105,Chiephobozou,KOHIMA,NAGALAND
Tuophema,Tuophema B.O,797105,Chiephobozou,KOHIMA,NAGALAND
Phekerkrie Basa,Chiephobozou B.O,797105,Chiephobozou,KOHIMA,NAGALAND
Phezha,Chiephobozou B.O,797105,Chiephobozou,KOHIMA,NAGALAND
Phezha(Seiyhama),Chiephobozou B.O,797105,Chiephobozou,KOHIMA,NAGALAND
Tsiese Basa,Chiechama S.O,797105,Chiephobozou,KOHIMA,NAGALAND
Ziezou(Phekerkrie),Zhadima B.O,797105,Chiephobozou,KOHIMA,NAGALAND
Zhadima,Zhadima B.O,797105,Chiephobozou,KOHIMA,NAGALAND
Ciechama,Chiechama S.O,797105,Chiephobozou,KOHIMA,NAGALAND
Gareiphe Basa,Tuophema B.O,797105,Chiephobozou,KOHIMA,NAGALAND
Longwesunyu,Zhadima B.O,797105,Tseminyu,KOHIMA,NAGALAND
Piphema Station,Piphima B.O,797106,Medziphema,DIMAPUR,NAGALAND
Punglwa,Punglwa B.O,797106,Pedi (Ngwalwa),PEREN,NAGALAND
Pherima Vill,Pherima B.O,797106,Medziphema,DIMAPUR,NAGALAND
Piphema (Old),Piphima B.O,797106,Medziphema,DIMAPUR,NAGALAND
Sochunoma,Medziphema S.O,797106,Medziphema,DIMAPUR,NAGALAND
Tsiepama,Medziphema S.O,797106,Medziphema,DIMAPUR,NAGALAND
Medziphema,Medziphema S.O,797106,Medziphema,DIMAPUR,NAGALAND
Moava,Maova B.O,797106,Medziphema,DIMAPUR,NAGALAND
Tsuuma,Medziphema S.O,797106,Medziphema,DIMAPUR,NAGALAND
Khaibung,Khaibung B.O,797106,Medziphema,DIMAPUR,NAGALAND
Kukidolong,Jharnapani B.O,797106,Medziphema,DIMAPUR,NAGALAND
Medziphema,Agri College B.O,797106,Medziphema,DIMAPUR,NAGALAND
Medziphema Hq,Medziphema S.O,797106,Medziphema,DIMAPUR,NAGALAND
Sirhima,Sirhima B.O,797106,Medziphema,DIMAPUR,NAGALAND
Viphoma,Medziphema S.O,797106,Medziphema,DIMAPUR,NAGALAND
Molvom,Molvom B.O,797106,Medziphema,DIMAPUR,NAGALAND
Paglapahar,Jharnapani B.O,797106,Medziphema,DIMAPUR,NAGALAND
Sirhi Angami,Sirhima B.O,797106,Medziphema,DIMAPUR,NAGALAND
Zuikhu 'A',Khaibung B.O,797106,Medziphema,DIMAPUR,NAGALAND
Jhornapani,Jharnapani B.O,797106,Medziphema,DIMAPUR,NAGALAND
Piphema (New),Piphima B.O,797106,Medziphema,DIMAPUR,NAGALAND
Bungsang,Maova B.O,797106,Medziphema,DIMAPUR,NAGALAND
Khamkaria,Medziphema S.O,797106,Medziphema,DIMAPUR,NAGALAND
Pherima,Pherima B.O,797106,Medziphema,DIMAPUR,NAGALAND
Zuikhu 'B',Khaibung B.O,797106,Medziphema,DIMAPUR,NAGALAND
Gidemi (Gozuto),Sakraba B.O,797107,Sakraba,PHEK,NAGALAND
zavame,Zavame B.O,797107,Pfutsero,PHEK,NAGALAND
Leshemi,Zaketsa B.O,797107,Pfutsero,PHEK,NAGALAND
Mesulumi,Mesolumi B.O,797107,Chizami,PHEK,NAGALAND
Thechulumi,Thechulumi B.O,797107,Chizami,PHEK,NAGALAND
Chobama,Zavame B.O,797107,Chizami,PHEK,NAGALAND
Khezhakeno,Khezhakeno B.O,797107,Khezhakeno,PHEK,NAGALAND
Razieba,Zavame B.O,797107,Chizami,PHEK,NAGALAND
Thipuzu,Thipuzumi B.O,797107,Chetheba,PHEK,NAGALAND
Khezakeno Hq,Khezhakeno B.O,797107,Khezhakeno,PHEK,NAGALAND
Kikruma,Kikruma B.O,797107,Pfutsero,PHEK,NAGALAND
Lasumi,Zaketsa B.O,797107,Pfutsero,PHEK,NAGALAND
Pholami (Old),Porba B.O,797107,Sakraba,PHEK,NAGALAND
Phusachodu,Phesachuduma B.O,797107,Pfutsero,PHEK,NAGALAND
Sakraba,Sakraba B.O,797107,Sakraba,PHEK,NAGALAND
Tekhouba,Tekhouba B.O,797107,Pfutsero,PHEK,NAGALAND
Zuketsa,Zaketsa B.O,797107,Pfutsero,PHEK,NAGALAND
Pfutsero,Pfutsero S.O,797107,Pfutsero,PHEK,NAGALAND
Porba,Porba B.O,797107,Sakraba,PHEK,NAGALAND
Kami,Tekhouba B.O,797107,Pfutsero,PHEK,NAGALAND
Lekromi,Tekhouba B.O,797107,Pfutsero,PHEK,NAGALAND
Pholami (New),Porba B.O,797107,Sakraba,PHEK,NAGALAND
zavema,Zavame B.O,797107,Pfutsero,PHEK,NAGALAND
Zapami,Zaketsa B.O,797107,Pfutsero,PHEK,NAGALAND
Zeluma,Zavame B.O,797107,Chizami,PHEK,NAGALAND
Chizami Vill.,Chizami Village B.O,797107,Chizami,PHEK,NAGALAND
Khezakeno Village.,Khezhakeno B.O,797107,Khezhakeno,PHEK,NAGALAND
Pfutsero Hq,Pfutsero S.O,797107,Pfutsero,PHEK,NAGALAND
Sakraba Hq,Sakraba B.O,797107,Sakraba,PHEK,NAGALAND
Kizare,Khuzami B.O,797108,Phek Sadar,PHEK,NAGALAND
Phek Old Town,Old Phek B.O,797108,Phek Sadar,PHEK,NAGALAND
Ketsapo,Ketsapo B.O,797108,Phek Sadar,PHEK,NAGALAND
Khuza,Khuzami B.O,797108,Phek Sadar,PHEK,NAGALAND
Losami,Losami B.O,797108,Phek Sadar,PHEK,NAGALAND
Phek Sadar,Phek S.O,797108,Phek Sadar,PHEK,NAGALAND
Surhoba,Phek S.O,797108,Phek Sadar,PHEK,NAGALAND
Suthotsu,Khuzami B.O,797108,Phek Sadar,PHEK,NAGALAND
Chosaba,Old Phek B.O,797108,Phek Sadar,PHEK,NAGALAND
Khutsokhuno,Khuzami B.O,797108,Phek Sadar,PHEK,NAGALAND
Kotisu,Khuzami B.O,797108,Phek Sadar,PHEK,NAGALAND
Lozaphumu,Khuzami B.O,797108,Phek Sadar,PHEK,NAGALAND
Metsale,Khuzami B.O,797108,Phek Sadar,PHEK,NAGALAND
Sohomi,Khuzami B.O,797108,Phek Sadar,PHEK,NAGALAND
Tezatse,Khuzami B.O,797108,Phek Sadar,PHEK,NAGALAND
Lozaphumu,Luzaphuhu B.O,797108,Phek Sadar,PHEK,NAGALAND
Phek Village,Old Phek B.O,797108,Phek Sadar,PHEK,NAGALAND
Upper Khomi,Phek S.O,797108,Sakraba,PHEK,NAGALAND
Chiepoketa,Ketsapo B.O,797108,Phek Sadar,PHEK,NAGALAND
Lower Khomi,Phek S.O,797108,Sakraba,PHEK,NAGALAND
Middle Khomi,Middle Khomi B.O,797108,Sakraba,PHEK,NAGALAND
Phek Basa,Old Phek B.O,797108,Phek Sadar,PHEK,NAGALAND
Satheri,Khuzami B.O,797108,Phek Sadar,PHEK,NAGALAND
Tehephu,Khuzami B.O,797108,Phek Sadar,PHEK,NAGALAND
Henbenzhu,Phenwhenyu B.O,797109,Tseminyu,KOHIMA,NAGALAND
Kashanyu (UR),Phenwhenyu B.O,797109,Tseminyu,KOHIMA,NAGALAND
Phenda,Kontsunyu B.O,797109,Tseminyu,KOHIMA,NAGALAND
Phenwenyu,Phenwhenyu B.O,797109,Tseminyu,KOHIMA,NAGALAND
Tseminyu Old Town,Tseminyu Old Town B.O,797109,Tseminyu,KOHIMA,NAGALAND
Asukiqa,Asukika B.O,797109,Pughoboto,ZUNHEBOTTO,NAGALAND
Chunlikha,Nisenyu B.O,797109,Tseminyu,KOHIMA,NAGALAND
Ghokhumi,Asukika B.O,797109,Pughoboto,ZUNHEBOTTO,NAGALAND
Lazami,Lazami B.O,797109,Pughoboto,ZUNHEBOTTO,NAGALAND
Poneboqa,Pughoboto B.O,797109,Pughoboto,ZUNHEBOTTO,NAGALAND
Tsaphimi,Asukika B.O,797109,Pughoboto,ZUNHEBOTTO,NAGALAND
Ziphenyu,Zephenyu B.O,797109,Tseminyu,KOHIMA,NAGALAND
Zisunyu,Tseminyu Old Town B.O,797109,Tseminyu,KOHIMA,NAGALAND
Kandinu,Kontsunyu B.O,797109,Tseminyu,KOHIMA,NAGALAND
Pughoboto,Pughoboto B.O,797109,Pughoboto,ZUNHEBOTTO,NAGALAND
Rumensinyu,Phenshunyu B.O,797109,Tseminyu,KOHIMA,NAGALAND
Sishunu,Tseminyu Old Town B.O,797109,Tseminyu,KOHIMA,NAGALAND
Ghathashi,Ghathashi B.O,797109,Ghathashi,ZUNHEBOTTO,NAGALAND
New Terogunyu (UR),Phenwhenyu B.O,797109,Tseminyu,KOHIMA,NAGALAND
Pughoboto Hq,Pughoboto B.O,797109,Pughoboto,ZUNHEBOTTO,NAGALAND
Ehenu,Phenwhenyu B.O,797109,Tseminyu,KOHIMA,NAGALAND
K. Station,Kontsunyu B.O,797109,Tseminyu,KOHIMA,NAGALAND
Kashanyu,Phenwhenyu B.O,797109,Tseminyu,KOHIMA,NAGALAND
Nsunyu,Nisenyu B.O,797109,Tseminyu,KOHIMA,NAGALAND
Thongsunyu,Tseminyu S.O,797109,Tseminyu,KOHIMA,NAGALAND
Tsonsa,Tseminyu S.O,797109,Tseminyu,KOHIMA,NAGALAND
Natsumi,Pughoboto B.O,797109,Pughoboto,ZUNHEBOTTO,NAGALAND
New Sendenyu,Sendenyu B.O,797109,Tseminyu,KOHIMA,NAGALAND
New Tesophenyu,Tesophenyu B.O,797109,Tseminyu,KOHIMA,NAGALAND
Sendenyu,Sendenyu B.O,797109,Tseminyu,KOHIMA,NAGALAND
Terogunyu,Phenshunyu B.O,797109,Tseminyu,KOHIMA,NAGALAND
Tseminyu South,Tseminyu Old Town B.O,797109,Tseminyu,KOHIMA,NAGALAND
Tsosinyu,Tseminyu Old Town B.O,797109,Tseminyu,KOHIMA,NAGALAND
Ehenu,Nyishunyu B.O,797109,Tseminyu,KOHIMA,NAGALAND
Khenyu,Phenshunyu B.O,797109,Tseminyu,KOHIMA,NAGALAND
Khonibinzun,Phenwhenyu B.O,797109,Tseminyu,KOHIMA,NAGALAND
Kitami,Asukika B.O,797109,Pughoboto,ZUNHEBOTTO,NAGALAND
Phenshunyu,Phenshunyu B.O,797109,Tseminyu,KOHIMA,NAGALAND
Tesophenyu,Tesophenyu B.O,797109,Tseminyu,KOHIMA,NAGALAND
Tseminyu Hq,Tseminyu S.O,797109,Tseminyu,KOHIMA,NAGALAND
Zumpha,Tseminyu Old Town B.O,797109,Tseminyu,KOHIMA,NAGALAND
Sishunu,Tsosesunyu B.O,797109,Tseminyu,KOHIMA,NAGALAND
Tseminyu,Tseminyu S.O,797109,Tseminyu,KOHIMA,NAGALAND
Tseminyu Vill.,Tseminyu Old Town B.O,797109,Tseminyu,KOHIMA,NAGALAND
Yikhanyu,Tseminyu S.O,797109,Tseminyu,KOHIMA,NAGALAND
Dunki,Zalukie S.O,797110,Jalukie,PEREN,NAGALAND
Gopibung,Athibung B.O,797110,Athibung,KOHIMA,NAGALAND
Ikeisingram,Bongkholong B.O,797110,Athibung,KOHIMA,NAGALAND
Jalukie 'B',Jalukie 'B' B.O,797110,Jalukie,PEREN,NAGALAND
Jalukie Lower Khel,Zalukie S.O,797110,Jalukie,PEREN,NAGALAND
Jalukie Zangdi,Jalukie 'B' B.O,797110,Jalukie,PEREN,NAGALAND
New Jalukie,New Jalukie B.O,797110,Jalukie,PEREN,NAGALAND
Newchamcha,Khelma B.O,797110,Athibung,KOHIMA,NAGALAND
Nsenlwa,Khelma B.O,797110,Athibung,KOHIMA,NAGALAND
Old Chalkot,Athibung B.O,797110,Athibung,KOHIMA,NAGALAND
Songngou,Athibung B.O,797110,Athibung,KOHIMA,NAGALAND
Athibung,Athibung B.O,797110,Athibung,KOHIMA,NAGALAND
Inbung,Athibung B.O,797110,Athibung,KOHIMA,NAGALAND
Jalukie Upper Khel,Zalukie S.O,797110,Jalukie,PEREN,NAGALAND
Jalukielo,Zalukie S.O,797110,Jalukie,PEREN,NAGALAND
Lilen,Lilen B.O,797110,Jalukie,PEREN,NAGALAND
Mhai,Zalukie S.O,797110,Jalukie,PEREN,NAGALAND
Nkwareu,Zalukie S.O,797110,Jalukie,PEREN,NAGALAND
Old Gaili,Gaili B.O,797110,Pedi (Ngwalwa),PEREN,NAGALAND
Phaijol,Lilen B.O,797110,Athibung,KOHIMA,NAGALAND
Songlhuh,Athibung B.O,797110,Athibung,KOHIMA,NAGALAND
Songsang,Athibung B.O,797110,Athibung,KOHIMA,NAGALAND
Lower Sinjol,Athibung B.O,797110,Athibung,KOHIMA,NAGALAND
New Ngaolong,Athibung B.O,797110,Athibung,KOHIMA,NAGALAND
Nkio (New),Khelma B.O,797110,Athibung,KOHIMA,NAGALAND
Samzuram,Samjiuram B.O,797110,Jalukie,PEREN,NAGALAND
Kejanglwa,Zalukie S.O,797110,Jalukie,PEREN,NAGALAND
Keyavi 'A',Zalukie S.O,797110,Dhansiripar,DIMAPUR,NAGALAND
New Beisumpui,Bongkholong B.O,797110,Athibung,KOHIMA,NAGALAND
Jalukie,Zalukie S.O,797110,Jalukie,PEREN,NAGALAND
Khehoi (UR),Zalukie S.O,797110,Dhansiripar,DIMAPUR,NAGALAND
Khelma,Khelma B.O,797110,Athibung,KOHIMA,NAGALAND
Mhainamtsi,Mhainamtsi B.O,797110,Jalukie,PEREN,NAGALAND
Saijang,Zalukie S.O,797110,Jalukie,PEREN,NAGALAND
Vongkithem,Athibung B.O,797110,Athibung,KOHIMA,NAGALAND
Vongkithem'B',Athibung B.O,797110,Athibung,KOHIMA,NAGALAND
Gellhang,Athibung B.O,797110,Athibung,KOHIMA,NAGALAND
Libamphai,Zalukie S.O,797110,Jalukie,PEREN,NAGALAND
New Chalkot,Lilen B.O,797110,Athibung,KOHIMA,NAGALAND
New Gaili,Gaili B.O,797110,Pedi (Ngwalwa),PEREN,NAGALAND
Nkio 'B',Khelma B.O,797110,Athibung,KOHIMA,NAGALAND
Phaikolum,Athibung B.O,797110,Athibung,KOHIMA,NAGALAND
Beisumpuikam,Zalukie S.O,797110,Jalukie,PEREN,NAGALAND
Dzukwaram,Zalukie S.O,797110,Jalukie,PEREN,NAGALAND
Lilen 'B',Lilen B.O,797110,Jalukie,PEREN,NAGALAND
New Pellhang,Lilen B.O,797110,Athibung,KOHIMA,NAGALAND
New Soget,Khelma B.O,797110,Athibung,KOHIMA,NAGALAND
Pellhang,Khelma B.O,797110,Athibung,KOHIMA,NAGALAND
Bongkolong,Bongkholong B.O,797110,Athibung,KOHIMA,NAGALAND
Jalukie (Old),Jalukie 'B' B.O,797110,Jalukie,PEREN,NAGALAND
Jalukie Hq,Zalukie S.O,797110,Jalukie,PEREN,NAGALAND
Jalukie Sangtam,Zalukie S.O,797110,Jalukie,PEREN,NAGALAND
Mouicham,Athibung B.O,797110,Athibung,KOHIMA,NAGALAND
Old Soget,Khelma B.O,797110,Athibung,KOHIMA,NAGALAND
Pellhang 'B',Khelma B.O,797110,Athibung,KOHIMA,NAGALAND
Phanjang,Zalukie S.O,797110,Jalukie,PEREN,NAGALAND
Aitepyong,Aitepyong B.O,797111,Aitepyong,WOKHA,NAGALAND
Akuk (New),Aitepyong B.O,797111,Aitepyong,WOKHA,NAGALAND
Longsachung,Nyiro B.O,797111,Wokha Sadar,WOKHA,NAGALAND
Phiro New (UR),Wozhru B.O,797111,Wozhuro,WOKHA,NAGALAND
Pyochu,Lotsu B.O,797111,Lotsu,WOKHA,NAGALAND
Sanis Hq,Sanis B.O,797111,Sanis,WOKHA,NAGALAND
Tsungtsutong,Tsungtsutong B.O,797111,Wokha Sadar,WOKHA,NAGALAND
Englan S/Comp.,Englan B.O,797111,Wokha Sadar,WOKHA,NAGALAND
Humtso,Humtsu B.O,797111,Wokha Sadar,WOKHA,NAGALAND
Lotsu,Lotsu B.O,797111,Lotsu,WOKHA,NAGALAND
Niryo,Nyiro B.O,797111,Wokha Sadar,WOKHA,NAGALAND
Rephyim (New),Englan B.O,797111,Wokha Sadar,WOKHA,NAGALAND
Shaki,Wozhru B.O,797111,Wozhuro,WOKHA,NAGALAND
Wozhuro Hq,Wozhru B.O,797111,Wozhuro,WOKHA,NAGALAND
Chudi,Longtsung B.O,797111,Sanis,WOKHA,NAGALAND
Longla,Nyiro B.O,797111,Wokha Sadar,WOKHA,NAGALAND
Okotso,Sungro B.O,797111,Sungro,WOKHA,NAGALAND
Changsu (New),Englan B.O,797111,Wokha Sadar,WOKHA,NAGALAND
Changsu (Old),Englan B.O,797111,Wokha Sadar,WOKHA,NAGALAND
Chukitong,Chukitong B.O,797111,Chukitong,WOKHA,NAGALAND
Lakhuti,Aitepyong B.O,797111,Aitepyong,WOKHA,NAGALAND
Longyim,Chukitong B.O,797111,Bhandari,WOKHA,NAGALAND
Lotsu Vill.,Lotsu B.O,797111,Lotsu,WOKHA,NAGALAND
Moilan,Moilan B.O,797111,Lotsu,WOKHA,NAGALAND
Pangti,Pangti B.O,797111,Sungro,WOKHA,NAGALAND
Pyangsa,Lotsu B.O,797111,Lotsu,WOKHA,NAGALAND
Baghty,Baghty B.O,797111,Baghty,WOKHA,NAGALAND
Chanaka,Aitepyong B.O,797111,Aitepyong,WOKHA,NAGALAND
Elumyo,Elumnyu B.O,797111,Wokha Sadar,WOKHA,NAGALAND
Meshangpen,Sanis B.O,797111,Sanis,WOKHA,NAGALAND
Morokjo,Lotsu B.O,797111,Lotsu,WOKHA,NAGALAND
Nungying,Chukitong B.O,797111,Chukitong,WOKHA,NAGALAND
Soke,Wozhru B.O,797111,Baghty,WOKHA,NAGALAND
Sungro,Sungro B.O,797111,Sungro,WOKHA,NAGALAND
Tsopo,Sanis B.O,797111,Sanis,WOKHA,NAGALAND
Wokha Sadar,Wokha S.O,797111,Wokha Sadar,WOKHA,NAGALAND
Yankha,Nyiro B.O,797111,Wokha Sadar,WOKHA,NAGALAND
Akuk (Old),Aitepyong B.O,797111,Aitepyong,WOKHA,NAGALAND
Sankiton,Wozhru B.O,797111,Wozhuro,WOKHA,NAGALAND
Sunglup,Sanis B.O,797111,Sanis,WOKHA,NAGALAND
Wokha Vill.,Wokha Village B.O,797111,Wokha Sadar,WOKHA,NAGALAND
Yanthamo,Nyiro B.O,797111,Wokha Sadar,WOKHA,NAGALAND
Aitepyong Station,Aitepyong B.O,797111,Aitepyong,WOKHA,NAGALAND
Kolo,Chukitong B.O,797111,Chukitong,WOKHA,NAGALAND
Mekokla,Mekhukla B.O,797111,Aitepyong,WOKHA,NAGALAND
Mungya,Chukitong B.O,797111,Chukitong,WOKHA,NAGALAND
Nyru S/Comp.,Nyiro B.O,797111,Wokha Sadar,WOKHA,NAGALAND
Phiro,Wozhru B.O,797111,Wozhuro,WOKHA,NAGALAND
Pongitong,Pongitong B.O,797111,Wokha Sadar,WOKHA,NAGALAND
Sanis,Sanis B.O,797111,Sanis,WOKHA,NAGALAND
Sanis Vill,Sanis B.O,797111,Sanis,WOKHA,NAGALAND
Seluku,Chukitong B.O,797111,Chukitong,WOKHA,NAGALAND
Sungro Station,Sungro B.O,797111,Sungro,WOKHA,NAGALAND
Upper Baghty,Baghty B.O,797111,Baghty,WOKHA,NAGALAND
Wozhuro,Wozhru B.O,797111,Wozhuro,WOKHA,NAGALAND
Baghty Hq,Baghty B.O,797111,Baghty,WOKHA,NAGALAND
Longsa,Tsungtsutong B.O,797111,Wokha Sadar,WOKHA,NAGALAND
Longtsung,Longtsung B.O,797111,Lotsu,WOKHA,NAGALAND
Lotsu Hq,Lotsu B.O,797111,Lotsu,WOKHA,NAGALAND
N.Longidang,N. Longidong B.O,797111,Wokha Sadar,WOKHA,NAGALAND
Rephyim (Old),Englan B.O,797111,Wokha Sadar,WOKHA,NAGALAND
Tsungiki,Chukitong B.O,797111,Chukitong,WOKHA,NAGALAND
Vankhosung,Wokha S.O,797111,Wokha Sadar,WOKHA,NAGALAND
Yamhon (New),Yamhon B.O,797111,Bhandari,WOKHA,NAGALAND
Yamhon (Old),Yamhon B.O,797111,Bhandari,WOKHA,NAGALAND
Yikhum,Yikhum B.O,797111,Wokha Sadar,WOKHA,NAGALAND
Yonchicho,Sanis B.O,797111,Sanis,WOKHA,NAGALAND
Dhansiripar Hq,Singrijan B.O,797112,Dhansiripar,DIMAPUR,NAGALAND
Inavi(Hevuto) (UR),Doyapur B.O,797112,Dhansiripar,DIMAPUR,NAGALAND
Izhevi,Nuiland B.O,797112,Niuland,DIMAPUR,NAGALAND
Jalukiekam,Jalukiekam B.O,797112,Jalukie,PEREN,NAGALAND
Mughavi,Nuiland B.O,797112,Niuland,DIMAPUR,NAGALAND
Nikikhe,Nuiland B.O,797112,Niuland,DIMAPUR,NAGALAND
Old Beisumpui,Jalukiekam B.O,797112,Athibung,KOHIMA,NAGALAND
Razaphe,Razaphima B.O,797112,Dhansiripar,DIMAPUR,NAGALAND
Rengmapani,Nuiland B.O,797112,Tseminyu,KOHIMA,NAGALAND
Shikavi,Doyapur B.O,797112,Dhansiripar,DIMAPUR,NAGALAND
Shitoi,Nuiland B.O,797112,Niuland,DIMAPUR,NAGALAND
Zukihe,Nuiland B.O,797112,Niuland,DIMAPUR,NAGALAND
Dhansiripar Vill.,Singrijan B.O,797112,Dhansiripar,DIMAPUR,NAGALAND
Hetoi,Nuiland B.O,797112,Niuland,DIMAPUR,NAGALAND
Khekiho,Doyapur B.O,797112,Dhansiripar,DIMAPUR,NAGALAND
Luheje,Nuiland B.O,797112,Niuland,DIMAPUR,NAGALAND
Luhevi,Nuiland B.O,797112,Niuland,DIMAPUR,NAGALAND
Pihekhu,Nuiland B.O,797112,Niuland,DIMAPUR,NAGALAND
Shoqhevi,Nuiland B.O,797112,Niuland,DIMAPUR,NAGALAND
Tohokhu,Nuiland B.O,797112,Niuland,DIMAPUR,NAGALAND
Toshizu,Doyapur B.O,797112,Dhansiripar,DIMAPUR,NAGALAND
Zuheshe,Nuiland B.O,797112,Niuland,DIMAPUR,NAGALAND
Ghowoto,Doyapur B.O,797112,Dhansiripar,DIMAPUR,NAGALAND
Heningkunglwa,Hening Kunglwa B.O,797112,Pedi (Ngwalwa),PEREN,NAGALAND
Henito,Nuiland B.O,797112,Niuland,DIMAPUR,NAGALAND
Hezeto,Nuiland B.O,797112,Niuland,DIMAPUR,NAGALAND
Hozheto(UR),Nuiland B.O,797112,Niuland,DIMAPUR,NAGALAND
Jexuche,Nuiland B.O,797112,Niuland,DIMAPUR,NAGALAND
Khaghaboto,Nuiland B.O,797112,Niuland,DIMAPUR,NAGALAND
Kuhoxu,Nuiland B.O,797112,Niuland,DIMAPUR,NAGALAND
L.Vihoto,Nuiland B.O,797112,Niuland,DIMAPUR,NAGALAND
Nguvihe,Nuiland B.O,797112,Niuland,DIMAPUR,NAGALAND
Nitozu,Nuiland B.O,797112,Niuland,DIMAPUR,NAGALAND
Ralan (New),Ralan B.O,797112,Ralan,WOKHA,NAGALAND
Singrijan,Singrijan B.O,797112,Chumukedima,DIMAPUR,NAGALAND
Vishiyi,Nuiland B.O,797112,Niuland,DIMAPUR,NAGALAND
Xukhuvi,Nuiland B.O,797112,Niuland,DIMAPUR,NAGALAND
Dimapur Sadar,Khermahal B.O,797112,Dimapur Sadar,DIMAPUR,NAGALAND
Ganesnagar,Doyapur B.O,797112,Dhansiripar,DIMAPUR,NAGALAND
Hevuxu,Nuiland B.O,797112,Niuland,DIMAPUR,NAGALAND
Hukhai,Nuiland B.O,797112,Niuland,DIMAPUR,NAGALAND
Khutovi,Nuiland B.O,797112,Niuland,DIMAPUR,NAGALAND
Kiyeto,Doyapur B.O,797112,Dhansiripar,DIMAPUR,NAGALAND
Kiyezhu'B',Nuiland B.O,797112,Niuland,DIMAPUR,NAGALAND
Manglamukh,Doyapur B.O,797112,Dhansiripar,DIMAPUR,NAGALAND
Ngamjalan,Nuiland B.O,797112,Niuland,DIMAPUR,NAGALAND
Niuland,Nuiland B.O,797112,Niuland,DIMAPUR,NAGALAND
Qhitohe (Ghotoi),Nuiland B.O,797112,Niuland,DIMAPUR,NAGALAND
Sunito,Nuiland B.O,797112,Niuland,DIMAPUR,NAGALAND
Tohoi,Nuiland B.O,797112,Niuland,DIMAPUR,NAGALAND
Vihoto,Doyapur B.O,797112,Dhansiripar,DIMAPUR,NAGALAND
Yetoho,Nuiland B.O,797112,Niuland,DIMAPUR,NAGALAND
Dhansiripar,Singrijan B.O,797112,Dhansiripar,DIMAPUR,NAGALAND
Ghonivi,Nuiland B.O,797112,Niuland,DIMAPUR,NAGALAND
Ghotovi,Nuiland B.O,797112,Niuland,DIMAPUR,NAGALAND
Hezulho (UR),Nuiland B.O,797112,Niuland,DIMAPUR,NAGALAND
Husto,Nuiland B.O,797112,Niuland,DIMAPUR,NAGALAND
Kiyezhu'A',Nuiland B.O,797112,Niuland,DIMAPUR,NAGALAND
Lukuto,Nuiland B.O,797112,Niuland,DIMAPUR,NAGALAND
Nizheto(UR),Nuiland B.O,797112,Niuland,DIMAPUR,NAGALAND
Padala,Nuiland B.O,797112,Niuland,DIMAPUR,NAGALAND
Phuwoto,Nuiland B.O,797112,Niuland,DIMAPUR,NAGALAND
Pishikhu,Nuiland B.O,797112,Niuland,DIMAPUR,NAGALAND
Ralan,Ralan B.O,797112,Ralan,WOKHA,NAGALAND
Ralan (Old),Ralan B.O,797112,Ralan,WOKHA,NAGALAND
Shiwoto,Nuiland B.O,797112,Niuland,DIMAPUR,NAGALAND
Ahoto,Nuiland B.O,797112,Niuland,DIMAPUR,NAGALAND
Dimapur Sadar,Dimapur S.O,797112,Dimapur Sadar,DIMAPUR,NAGALAND
Hakhezhe,Nuiland B.O,797112,Niuland,DIMAPUR,NAGALAND
Heviqhe,Nuiland B.O,797112,Niuland,DIMAPUR,NAGALAND
Homeland,Nuiland B.O,797112,Niuland,DIMAPUR,NAGALAND
Lothavi,Doyapur B.O,797112,Dhansiripar,DIMAPUR,NAGALAND
Phaipijang,Phaipijan B.O,797112,Dimapur Sadar,DIMAPUR,NAGALAND
Sahoi,Nuiland B.O,797112,Niuland,DIMAPUR,NAGALAND
Xukiye,Nuiland B.O,797112,Niuland,DIMAPUR,NAGALAND
Zaka Station,Nuiland B.O,797112,Niuland,DIMAPUR,NAGALAND
Akito,Nuiland B.O,797112,Niuland,DIMAPUR,NAGALAND
Aoyimchen,Nuiland B.O,797112,Niuland,DIMAPUR,NAGALAND
Doyapur Vill.,Doyapur B.O,797112,Dhansiripar,DIMAPUR,NAGALAND
Hazadisa,Doyapur B.O,797112,Dhansiripar,DIMAPUR,NAGALAND
Hevishe,Nuiland B.O,797112,Niuland,DIMAPUR,NAGALAND
Hovishe,Nuiland B.O,797112,Niuland,DIMAPUR,NAGALAND
Jekishe,Nuiland B.O,797112,Niuland,DIMAPUR,NAGALAND
K.Xekiye,Doyapur B.O,797112,Dhansiripar,DIMAPUR,NAGALAND
Khehuto,Nuiland B.O,797112,Niuland,DIMAPUR,NAGALAND
Kiyelho,Nuiland B.O,797112,Niuland,DIMAPUR,NAGALAND
Nikihe (UR),Nuiland B.O,797112,Niuland,DIMAPUR,NAGALAND
P.Vihoto,Nuiland B.O,797112,Niuland,DIMAPUR,NAGALAND
R.Hovishe,Nuiland B.O,797112,Niuland,DIMAPUR,NAGALAND
Ralan Hq,Ralan B.O,797112,Ralan,WOKHA,NAGALAND
Tokishe,Nuiland B.O,797112,Niuland,DIMAPUR,NAGALAND
Zutoi,Nuiland B.O,797112,Niuland,DIMAPUR,NAGALAND
Aghunaqa,Nuiland B.O,797112,Niuland,DIMAPUR,NAGALAND
Amaluma,Doyapur B.O,797112,Dhansiripar,DIMAPUR,NAGALAND
Daniel,Doyapur B.O,797112,Dhansiripar,DIMAPUR,NAGALAND
Disagaphu,Doyapur B.O,797112,Dhansiripar,DIMAPUR,NAGALAND
Doyapur Bazar,Doyapur B.O,797112,Dhansiripar,DIMAPUR,NAGALAND
Ghosito,Nuiland B.O,797112,Niuland,DIMAPUR,NAGALAND
Hovukhu,Nuiland B.O,797112,Niuland,DIMAPUR,NAGALAND
Khuhoi,Nuiland B.O,797112,Niuland,DIMAPUR,NAGALAND
Kikheye,Nuiland B.O,797112,Niuland,DIMAPUR,NAGALAND
Nagarjan,Kuda B.O,797112,Dimapur Sadar,DIMAPUR,NAGALAND
Pukhahe (Keyavi 'B'),Doyapur B.O,797112,Dhansiripar,DIMAPUR,NAGALAND
Razaphema,Razaphima B.O,797112,Medziphema,DIMAPUR,NAGALAND
Vikheto,Nuiland B.O,797112,Niuland,DIMAPUR,NAGALAND
Viyito,Nuiland B.O,797112,Niuland,DIMAPUR,NAGALAND
Yampha,Yampha B.O,797112,Ralan,WOKHA,NAGALAND
Yeveto,Nuiland B.O,797112,Niuland,DIMAPUR,NAGALAND
Dimapur Sadar,Duncan Basti B.O,797113,Dimapur Sadar,DIMAPUR,NAGALAND
Khasiram,Industrial Estate B.O,797113,Dimapur Sadar,DIMAPUR,NAGALAND
Dimapur Sadar,Lengrijan B.O,797113,Dimapur Sadar,DIMAPUR,NAGALAND
Dimapur Sadar,New Nepaligaon S.O,797113,Dimapur Sadar,DIMAPUR,NAGALAND
Industrial Vill. (Razhuphe),Industrial Estate B.O,797113,Dimapur Sadar,DIMAPUR,NAGALAND
Kacharigaon (Phevima),Industrial Estate B.O,797113,Dimapur Sadar,DIMAPUR,NAGALAND
Senjum,Industrial Estate B.O,797113,Dimapur Sadar,DIMAPUR,NAGALAND
Aoyimkum,Industrial Estate B.O,797113,Dimapur Sadar,DIMAPUR,NAGALAND
Khasiram Ao,Industrial Estate B.O,797113,Dimapur Sadar,DIMAPUR,NAGALAND
Dikoi,Industrial Estate B.O,797113,Dimapur Sadar,DIMAPUR,NAGALAND
Khumisu,Meluri S.O,797114,Meluri,PHEK,NAGALAND
Matikhru,Lephori B.O,797114,Meluri,PHEK,NAGALAND
Phokhungri,Pungkhuri B.O,797114,Phokhungri,PHEK,NAGALAND
Wuzu,Hutsu B.O,797114,Meluri,PHEK,NAGALAND
Akhegwo,Akhegwo B.O,797114,Meluri,PHEK,NAGALAND
Phokhungri Vill.,Pungkhuri B.O,797114,Phokhungri,PHEK,NAGALAND
Phor,Hutsu B.O,797114,Meluri,PHEK,NAGALAND
Waziho Town,Wazhiho B.O,797114,Meluri,PHEK,NAGALAND
Lephori,Lephori B.O,797114,Meluri,PHEK,NAGALAND
Letsami,Pungkhuri B.O,797114,Phokhungri,PHEK,NAGALAND
Meluri Hq,Meluri S.O,797114,Meluri,PHEK,NAGALAND
Meluri Village,Meluri S.O,797114,Meluri,PHEK,NAGALAND
Phokhungri Hq,Pungkhuri B.O,797114,Phokhungri,PHEK,NAGALAND
Reguri,Lephori B.O,797114,Meluri,PHEK,NAGALAND
Zipu,Meluri S.O,797114,Phokhungri,PHEK,NAGALAND
Kezatu,Hutsu B.O,797114,Meluri,PHEK,NAGALAND
Meluri,Meluri S.O,797114,Meluri,PHEK,NAGALAND
Waziho,Wazhiho B.O,797114,Meluri,PHEK,NAGALAND
Kukhegwo,Akhegwo B.O,797114,Meluri,PHEK,NAGALAND
Laruri,Pungkhuri B.O,797114,Phokhungri,PHEK,NAGALAND
New Phor,Hutsu B.O,797114,Meluri,PHEK,NAGALAND
Old Thewati,Pungkhuri B.O,797114,Phokhungri,PHEK,NAGALAND
Akhen,Lephori B.O,797114,Meluri,PHEK,NAGALAND
New Akhegwe(UR),Akhegwo B.O,797114,Meluri,PHEK,NAGALAND
Washelo,Meluri S.O,797114,Phokhungri,PHEK,NAGALAND
Avankhu,Pungkhuri B.O,797114,Phokhungri,PHEK,NAGALAND
Hutsu,Hutsu B.O,797114,Meluri,PHEK,NAGALAND
Kanjang,Lephori B.O,797114,Meluri,PHEK,NAGALAND
Mokie,Pungkhuri B.O,797114,Phokhungri,PHEK,NAGALAND
Mollen,Lephori B.O,797114,Meluri,PHEK,NAGALAND
New Thewati,Pungkhuri B.O,797114,Phokhungri,PHEK,NAGALAND
Satuza,Hutsu B.O,797114,Meluri,PHEK,NAGALAND
Sutsu,Pungkhuri B.O,797114,Phokhungri,PHEK,NAGALAND
Yesi,Hutsu B.O,797114,Meluri,PHEK,NAGALAND
Sokhuvi,Sukhovi B.O,797115,Chumukedima,DIMAPUR,NAGALAND
Aoyim,Showba Old B.O,797115,Kuhoboto,DIMAPUR,NAGALAND
Sovima,Suger Mill B.O,797115,Chumukedima,DIMAPUR,NAGALAND
5Th Mile Model,Suger Mill B.O,797115,Chumukedima,DIMAPUR,NAGALAND
Badi,Artc S.O,797115,Chumukedima,DIMAPUR,NAGALAND
Darogapathar,Artc S.O,797115,Chumukedima,DIMAPUR,NAGALAND
Ekrani Pathar,Eralibill B.O,797115,Chumukedima,DIMAPUR,NAGALAND
New Shouba,Showba Old B.O,797115,Nihokhu,DIMAPUR,NAGALAND
7Th Mile Model,Suger Mill B.O,797115,Chumukedima,DIMAPUR,NAGALAND
Diphupar 'A',Diphupar B.O,797115,Chumukedima,DIMAPUR,NAGALAND
Diphupar 'B',Diphupar B.O,797115,Chumukedima,DIMAPUR,NAGALAND
Eralibil,Eralibill B.O,797115,Chumukedima,DIMAPUR,NAGALAND
Sugarmill Area,Suger Mill B.O,797115,Chumukedima,DIMAPUR,NAGALAND
7Th Mile Vill.,Suger Mill B.O,797115,Chumukedima,DIMAPUR,NAGALAND
Chekiye,Artc S.O,797115,Chumukedima,DIMAPUR,NAGALAND
Dubagaon,Eralibill B.O,797115,Chumukedima,DIMAPUR,NAGALAND
Shouba (Old),Showba Old B.O,797115,Kuhoboto,DIMAPUR,NAGALAND
Thelikhu,Suger Mill B.O,797115,Chumukedima,DIMAPUR,NAGALAND
Xelhoshe,Showba Old B.O,797115,Kuhoboto,DIMAPUR,NAGALAND
Aoyimti,Aoyimti B.O,797115,Chumukedima,DIMAPUR,NAGALAND
Naharbari,Daroga Pathar B.O,797115,Chumukedima,DIMAPUR,NAGALAND
Darogapathar,Daroga Pathar B.O,797115,Chumukedima,DIMAPUR,NAGALAND
Naga United Vill,Showba Old B.O,797115,Chumukedima,DIMAPUR,NAGALAND
Hoito,Khehekhu B.O,797116,Kuhoboto,DIMAPUR,NAGALAND
Khughovi,Kuhuboto B.O,797116,Kuhoboto,DIMAPUR,NAGALAND
Kuhuboto,Kuhuboto B.O,797116,Kuhoboto,DIMAPUR,NAGALAND
Suhoi,Kuhuboto B.O,797116,Kuhoboto,DIMAPUR,NAGALAND
Toluvi 'B',Padampukhuri B.O,797116,Chumukedima,DIMAPUR,NAGALAND
Xekiye,Khehekhu B.O,797116,Kuhoboto,DIMAPUR,NAGALAND
Zuvukho,Kuhuboto B.O,797116,Kuhoboto,DIMAPUR,NAGALAND
Nihoto,Kuhuboto B.O,797116,Kuhoboto,DIMAPUR,NAGALAND
Samaguri,Padampukhuri B.O,797116,Chumukedima,DIMAPUR,NAGALAND
Toshiho,Vihokhu B.O,797116,Nihokhu,DIMAPUR,NAGALAND
Diezephe,Kushiabill B.O,797116,Chumukedima,DIMAPUR,NAGALAND
Khusiabil,Kushiabill B.O,797116,Chumukedima,DIMAPUR,NAGALAND
S.Hetoi,Vihokhu B.O,797116,Nihokhu,DIMAPUR,NAGALAND
Kuhoboto,Kuhuboto B.O,797116,Kuhoboto,DIMAPUR,NAGALAND
Vihokhu,Vihokhu B.O,797116,Kuhoboto,DIMAPUR,NAGALAND
Ahozhe,Kuhuboto B.O,797116,Kuhoboto,DIMAPUR,NAGALAND
Darogajan,Kushiabill B.O,797116,Chumukedima,DIMAPUR,NAGALAND
Ghokito,Kuhuboto B.O,797116,Kuhoboto,DIMAPUR,NAGALAND
Hukato,Kuhuboto B.O,797116,Kuhoboto,DIMAPUR,NAGALAND
Khehokhu,Khehekhu B.O,797116,Kuhoboto,DIMAPUR,NAGALAND
Pukhato,Kuhuboto B.O,797116,Kuhoboto,DIMAPUR,NAGALAND
Puranabazar'A',Dimapur Bazar S.O,797116,Chumukedima,DIMAPUR,NAGALAND
Henivi,Kuhuboto B.O,797116,Kuhoboto,DIMAPUR,NAGALAND
Luzheto,Kuhuboto B.O,797116,Kuhoboto,DIMAPUR,NAGALAND
S.Hotovi,Kuhuboto B.O,797116,Kuhoboto,DIMAPUR,NAGALAND
Tokugha,Kuhuboto B.O,797116,Kuhoboto,DIMAPUR,NAGALAND
Vikuho,Kuhuboto B.O,797116,Kuhoboto,DIMAPUR,NAGALAND
Bamunpukhuri'A',Padampukhuri B.O,797116,Chumukedima,DIMAPUR,NAGALAND
Bamunpukhuri'B',Padampukhuri B.O,797116,Chumukedima,DIMAPUR,NAGALAND
Domukha,Kushiabill B.O,797116,Chumukedima,DIMAPUR,NAGALAND
Lotovi,Kuhuboto B.O,797116,Kuhoboto,DIMAPUR,NAGALAND
Padampukhuri,Padampukhuri B.O,797116,Chumukedima,DIMAPUR,NAGALAND
Nizhevi,Kuhuboto B.O,797116,Kuhoboto,DIMAPUR,NAGALAND
Puranabazar'B',Dimapur Bazar S.O,797116,Chumukedima,DIMAPUR,NAGALAND
Dimapur Sadar,Zeliangrong B.O,797117,Dimapur Sadar,DIMAPUR,NAGALAND
Dimapur Sadar,Circular Road S.O,797117,Dimapur Sadar,DIMAPUR,NAGALAND
Dimapur Sadar,Pwd Colony B.O,797117,Dimapur Sadar,DIMAPUR,NAGALAND
Rangapahar,Rangapahar B.O,797118,Dimapur Sadar,DIMAPUR,NAGALAND
Thahekhu,Thahekhu B.O,797118,Dimapur Sadar,DIMAPUR,NAGALAND
Phesama,Phesama B.O,797120,Jakhama,KOHIMA,NAGALAND
Sechu,Zubza B.O,797120,Sechu,KOHIMA,NAGALAND
Sechu(Zubza),Zubza B.O,797120,Sechu,KOHIMA,NAGALAND
Kiruphema Bawe,Lalmati B.O,797120,Sechu,KOHIMA,NAGALAND
Pfuchama,Phesama B.O,797120,Jakhama,KOHIMA,NAGALAND
Kiruphema Basa,Lalmati B.O,797120,Sechu,KOHIMA,NAGALAND
Yezami,Zubza B.O,797120,Zunheboto Sadar,ZUNHEBOTTO,NAGALAND
Sechuma,Zubza B.O,797120,Sechu,KOHIMA,NAGALAND
Kohima Sadar,P.R Hill S.O,797120,Kohima Sadar,KOHIMA,NAGALAND
Peducha,Lalmati B.O,797120,Sechu,KOHIMA,NAGALAND
Aosetsu,Ungma B.O,798601,Ongpangkong,MOKOKCHUNG,NAGALAND
Aree (Old),Arree Old B.O,798601,Sungro,WOKHA,NAGALAND
Chungliyimsen,Changki B.O,798601,Mangkolemba,MOKOKCHUNG,NAGALAND
Dikhu Village,Chare B.O,798601,Chare,TUENSANG,NAGALAND
Litta (New),V. K. Town B.O,798601,V.K.,ZUNHEBOTTO,NAGALAND
Longkhiphe,Tronger B.O,798601,Chare,TUENSANG,NAGALAND
Longkhum,Longkhum B.O,798601,Ongpangkong,MOKOKCHUNG,NAGALAND
Mekuli,Khensa B.O,798601,Ongpangkong,MOKOKCHUNG,NAGALAND
Mukhami,V. K. Town B.O,798601,V.K.,ZUNHEBOTTO,NAGALAND
Phishumi,V. K. Town B.O,798601,V.K.,ZUNHEBOTTO,NAGALAND
Sastami,V. K. Town B.O,798601,V.K.,ZUNHEBOTTO,NAGALAND
Chungtia,Chungtia B.O,798601,Ongpangkong,MOKOKCHUNG,NAGALAND
Longmisa NAP Camp.,Longmisa B.O,798601,Ongpangkong,MOKOKCHUNG,NAGALAND
Mangmetong,Mangmentong B.O,798601,Ongpangkong,MOKOKCHUNG,NAGALAND
Maromi,V. K. Town B.O,798601,V.K.,ZUNHEBOTTO,NAGALAND
V.K. Hq,V. K. Town B.O,798601,V.K.,ZUNHEBOTTO,NAGALAND
Mokokchung Vill.,Nst Colony B.O,798601,Ongpangkong,MOKOKCHUNG,NAGALAND
New Tsadanger,Tronger B.O,798601,Chare,TUENSANG,NAGALAND
Aliba,Chungtia B.O,798601,Ongpangkong,MOKOKCHUNG,NAGALAND
Chuchuyimpang,Fazl Ali College B.O,798601,Ongpangkong,MOKOKCHUNG,NAGALAND
Kidding,Tronger B.O,798601,Chare,TUENSANG,NAGALAND
Meyilong,Longsa B.O,798601,Ongpangkong,MOKOKCHUNG,NAGALAND
Chare Village,Chare B.O,798601,Chare,TUENSANG,NAGALAND
Chubayimbang,Longsa B.O,798601,Ongpangkong,MOKOKCHUNG,NAGALAND
Izheto,V. K. Town B.O,798601,V.K.,ZUNHEBOTTO,NAGALAND
Kabza,Kubza B.O,798601,Ongpangkong,MOKOKCHUNG,NAGALAND
V.K.,V. K. Town B.O,798601,V.K.,ZUNHEBOTTO,NAGALAND
Ajiqami,V. K. Town B.O,798601,V.K.,ZUNHEBOTTO,NAGALAND
alichen 2nd BN NAP,Alichen B.O,798601,Ongpangkong,MOKOKCHUNG,NAGALAND
Alisopur,Chare B.O,798601,Chare,TUENSANG,NAGALAND
Chubayimkum,Longsa B.O,798601,Ongpangkong,MOKOKCHUNG,NAGALAND
Kinunger,Chungtia B.O,798601,Ongpangkong,MOKOKCHUNG,NAGALAND
Moalenden,Longsa B.O,798601,Ongpangkong,MOKOKCHUNG,NAGALAND
Tonglongsore S/Comp.,Tronger B.O,798601,Chare,TUENSANG,NAGALAND
Ungma,Ungma B.O,798601,Ongpangkong,MOKOKCHUNG,NAGALAND
Aolijen,Aolijen B.O,798601,Ongpangkong,MOKOKCHUNG,NAGALAND
Aree (New),Arree Old B.O,798601,Sungro,WOKHA,NAGALAND
Changki,Changki B.O,798601,Mangkolemba,MOKOKCHUNG,NAGALAND
Chare,Chare B.O,798601,Chare,TUENSANG,NAGALAND
Chare Hq,Chare B.O,798601,Chare,TUENSANG,NAGALAND
Chungli Yimti,Chare B.O,798601,Chare,TUENSANG,NAGALAND
Chungliyimsen Comp.,Changki B.O,798601,Mangkolemba,MOKOKCHUNG,NAGALAND
Khensa,Khensa B.O,798601,Ongpangkong,MOKOKCHUNG,NAGALAND
Longsa,Longsa B.O,798601,Ongpangkong,MOKOKCHUNG,NAGALAND
Longthrox S/Comp.,Tronger B.O,798601,Chare,TUENSANG,NAGALAND
Ongpangkong,S. E. Colony B.O,798601,Ongpangkong,MOKOKCHUNG,NAGALAND
Alongkima,Mokokchung S.O,798601,Alongkima,MOKOKCHUNG,NAGALAND
Chare Old Town,Chare B.O,798601,Chare,TUENSANG,NAGALAND
Litta (Old),V. K. Town B.O,798601,V.K.,ZUNHEBOTTO,NAGALAND
Old Tsadanger,Tronger B.O,798601,Chare,TUENSANG,NAGALAND
Tronger,Tronger B.O,798601,Chare,TUENSANG,NAGALAND
namsa,Namsa B.O,798602,Tizit,MON,NAGALAND
Sangsa,Yannu B.O,798602,Tizit,MON,NAGALAND
Tizit Hq,Tizit S.O,798602,Tizit,MON,NAGALAND
Hunta,Zaboka B.O,798602,Hunta,MON,NAGALAND
Joboka,Zaboka B.O,798602,Hunta,MON,NAGALAND
Yanpan,Zaboka B.O,798602,Tizit,MON,NAGALAND
Zangkham Tingsa,Zangkham B.O,798602,Shangnyu,MON,NAGALAND
Laokhun,Zaboka B.O,798602,Tizit,MON,NAGALAND
Nokyan,Zaboka B.O,798602,Hunta,MON,NAGALAND
Takum,Tizit S.O,798602,Tizit,MON,NAGALAND
Tizit,Tizit S.O,798602,Tizit,MON,NAGALAND
Yannyu,Yannu B.O,798602,Hunta,MON,NAGALAND
Zangkham,Zangkham B.O,798602,Shangnyu,MON,NAGALAND
Laokhu,Zaboka B.O,798602,Hunta,MON,NAGALAND
Old Zakho,Namsa B.O,798602,Tizit,MON,NAGALAND
Tela,Zaboka B.O,798602,Tizit,MON,NAGALAND
Wangla,Tizit S.O,798602,Mon Sadar,MON,NAGALAND
Lapalampong,Tizit S.O,798602,Tizit,MON,NAGALAND
Neitong,Zaboka B.O,798602,Hunta,MON,NAGALAND
Ngangting,Namsa B.O,798602,Tizit,MON,NAGALAND
Nokzang,Zaboka B.O,798602,Hunta,MON,NAGALAND
Tinglibam,Zaboka B.O,798602,Tizit,MON,NAGALAND
Tizit Village,Tizit S.O,798602,Tizit,MON,NAGALAND
Longting,Zaboka B.O,798602,Hunta,MON,NAGALAND
Zakho,Namsa B.O,798602,Tizit,MON,NAGALAND
Hunta Hq,Zaboka B.O,798602,Hunta,MON,NAGALAND
Old Sangsa,Yannu B.O,798602,Tizit,MON,NAGALAND
Lapa,Tizit S.O,798602,Tizit,MON,NAGALAND
Longlem,Tizit S.O,798602,Tizit,MON,NAGALAND
Chen Hq,Chenwetnyu B.O,798603,Chen,MON,NAGALAND
Chenwetnyu,Chenwetnyu B.O,798603,Chen,MON,NAGALAND
Chinglong,Chinglong B.O,798603,Aboi,MON,NAGALAND
Chuhachinglen,Chingkao B.O,798603,Aboi,MON,NAGALAND
Jakphang,Jakpang B.O,798603,Longching,MON,NAGALAND
Tamkong,Tobu B.O,798603,Tobu,MON,NAGALAND
Wangti,Chenwetnyu B.O,798603,Chen,MON,NAGALAND
Yei,Ukha B.O,798603,Mopong,MON,NAGALAND
Aboi Hq,Champang S.O,798603,Aboi,MON,NAGALAND
Chenloisho,Chengloisho B.O,798603,Chen,MON,NAGALAND
Chingkao Chingnyu,Chingkao B.O,798603,Chen,MON,NAGALAND
Ngangching,Champang S.O,798603,Aboi,MON,NAGALAND
Tobu Village,Tobu B.O,798603,Tobu,MON,NAGALAND
Angjangyang,Longching B.O,798603,Longching,MON,NAGALAND
Ao Pao,Champang S.O,798603,Aboi,MON,NAGALAND
Bumei S/Comp.,Monyakshu B.O,798603,Monyakshu,MON,NAGALAND
Choknyu,Chingkao B.O,798603,Chen,MON,NAGALAND
Chuhachingnyu,Chingkao B.O,798603,Aboi,MON,NAGALAND
Kenjenshu,Ukha B.O,798603,Mopong,MON,NAGALAND
Yakshu,Ukha B.O,798603,Mopong,MON,NAGALAND
Aboi,Champang S.O,798603,Aboi,MON,NAGALAND
Angphang,Angphang B.O,798603,Longching,MON,NAGALAND
Chen,Chenwetnyu B.O,798603,Chen,MON,NAGALAND
Chenmoho,Chenwetnyu B.O,798603,Chen,MON,NAGALAND
Shingnyu,Monyakshu B.O,798603,Monyakshu,MON,NAGALAND
Tobu HQ,Tobu B.O,798603,Tobu,MON,NAGALAND
Longching Hq,Longching B.O,798603,Longching,MON,NAGALAND
Shannyu,Tobu B.O,798603,Tobu,MON,NAGALAND
Tobu,Tobu B.O,798603,Tobu,MON,NAGALAND
Ukha,Ukha B.O,798603,Mopong,MON,NAGALAND
Changlangshu,Monyakshu B.O,798603,Monyakshu,MON,NAGALAND
Changnyu,Ukha B.O,798603,Mopong,MON,NAGALAND
Longmeang,Champang S.O,798603,Aboi,MON,NAGALAND
Monyakshu Village,Monyakshu B.O,798603,Monyakshu,MON,NAGALAND
Sowa,Longching B.O,798603,Longching,MON,NAGALAND
Chingkao Chingha,Chingkao B.O,798603,Chen,MON,NAGALAND
Longching,Longching B.O,798603,Longching,MON,NAGALAND
Mohung,Longching B.O,798603,Longching,MON,NAGALAND
Monyakshu,Monyakshu B.O,798603,Monyakshu,MON,NAGALAND
Monyakshu Hq,Monyakshu B.O,798603,Monyakshu,MON,NAGALAND
Mopong,Ukha B.O,798603,Mopong,MON,NAGALAND
Mopong Hq,Ukha B.O,798603,Mopong,MON,NAGALAND
Pesao,Pessao B.O,798603,Monyakshu,MON,NAGALAND
Yonghong,Ukha B.O,798603,Mopong,MON,NAGALAND
Changlang,Longching B.O,798603,Longching,MON,NAGALAND
Longching Village,Longching B.O,798603,Longching,MON,NAGALAND
Tobu Village,Tobu B.O,798603,Tuensang Sadar,TUENSANG,NAGALAND
Yongkhao,Tobu B.O,798603,Monyakshu,MON,NAGALAND
Alongkima,Alungkima B.O,798604,Alongkima,MOKOKCHUNG,NAGALAND
Atophumi,Longnak B.O,798604,Mangkolemba,MOKOKCHUNG,NAGALAND
Khari,Khari B.O,798604,Alongkima,MOKOKCHUNG,NAGALAND
Lakhuni,Mongkholemba S.O,798604,Longchem,MOKOKCHUNG,NAGALAND
Longsemdang,Mongkholemba S.O,798604,Mangkolemba,MOKOKCHUNG,NAGALAND
Longtho,Longnak B.O,798604,Mangkolemba,MOKOKCHUNG,NAGALAND
Medemyim,Chungtia Yimsen B.O,798604,Mangkolemba,MOKOKCHUNG,NAGALAND
Aonokpuyimsen,Mongkholemba S.O,798604,Longchem,MOKOKCHUNG,NAGALAND
Chandang,Longchem B.O,798604,Longchem,MOKOKCHUNG,NAGALAND
Lirmen,Longchem B.O,798604,Longchem,MOKOKCHUNG,NAGALAND
Longchem Comp.,Longchem B.O,798604,Longchem,MOKOKCHUNG,NAGALAND
Moayimti,Longnak B.O,798604,Mangkolemba,MOKOKCHUNG,NAGALAND
Tsurong NAP Camp,Longnak B.O,798604,Mangkolemba,MOKOKCHUNG,NAGALAND
Woromong Comp.,Waromung B.O,798604,Alongkima,MOKOKCHUNG,NAGALAND
Yajang 'A',Longchem B.O,798604,Longchem,MOKOKCHUNG,NAGALAND
Yajang 'B',Longchem B.O,798604,Longchem,MOKOKCHUNG,NAGALAND
Yajang 'C',Longchem B.O,798604,Longchem,MOKOKCHUNG,NAGALAND
Mangkolemba Hq,Mongkholemba S.O,798604,Mangkolemba,MOKOKCHUNG,NAGALAND
Saringyim,Longchem B.O,798604,Longchem,MOKOKCHUNG,NAGALAND
Watiyim,Chungtia Yimsen B.O,798604,Mangkolemba,MOKOKCHUNG,NAGALAND
Woromong,Waromung B.O,798604,Alongkima,MOKOKCHUNG,NAGALAND
Akumen 'C',Longchem B.O,798604,Longchem,MOKOKCHUNG,NAGALAND
Longphayimsen,Chungtia Yimsen B.O,798604,Mangkolemba,MOKOKCHUNG,NAGALAND
Nokpu,Mongkholemba S.O,798604,Longchem,MOKOKCHUNG,NAGALAND
Tsurmenyimsen,Longchem B.O,798604,Longchem,MOKOKCHUNG,NAGALAND
Alongtaki Comp.,Alungtaki B.O,798604,Longchem,MOKOKCHUNG,NAGALAND
Aonokpu,Mongkholemba S.O,798604,Longchem,MOKOKCHUNG,NAGALAND
Chungtiayimsen,Chungtia Yimsen B.O,798604,Mangkolemba,MOKOKCHUNG,NAGALAND
Longchem,Longchem B.O,798604,Longchem,MOKOKCHUNG,NAGALAND
Mangkolemba,Mongkholemba S.O,798604,Mangkolemba,MOKOKCHUNG,NAGALAND
Tsutapella,Chungtia Yimsen B.O,798604,Mangkolemba,MOKOKCHUNG,NAGALAND
Aokum,Mongkholemba S.O,798604,Mangkolemba,MOKOKCHUNG,NAGALAND
Dibuia,Mongchen B.O,798604,Alongkima,MOKOKCHUNG,NAGALAND
Japu,Mongkholemba S.O,798604,Mangkolemba,MOKOKCHUNG,NAGALAND
Longnak,Longnak B.O,798604,Mangkolemba,MOKOKCHUNG,NAGALAND
Mongchen,Mongchen B.O,798604,Alongkima,MOKOKCHUNG,NAGALAND
Satsuk,Longnak B.O,798604,Mangkolemba,MOKOKCHUNG,NAGALAND
Yimjemkimong,Alungkima B.O,798604,Alongkima,MOKOKCHUNG,NAGALAND
Alongkima Hq,Alungkima B.O,798604,Alongkima,MOKOKCHUNG,NAGALAND
Aosenden,Mongkholemba S.O,798604,Mangkolemba,MOKOKCHUNG,NAGALAND
Aosungkum,Mongkholemba S.O,798604,Mangkolemba,MOKOKCHUNG,NAGALAND
Puneboto Comp.,Longnak B.O,798604,Mangkolemba,MOKOKCHUNG,NAGALAND
Shahaphumi,Longnak B.O,798604,Mangkolemba,MOKOKCHUNG,NAGALAND
Horonger,Amahatore B.O,798611,Amahator,TUENSANG,NAGALAND
Inskur,Amahatore B.O,798611,Amahator,TUENSANG,NAGALAND
Khongjiri,Pungro B.O,798611,Pungro,KIPHIRE,NAGALAND
Kiphire Hq,Kiphire S.O,798611,Kiphire Sadar,KIPHIRE,NAGALAND
Longya S/Comp.,Seyochang B.O,798611,Seyochung,TUENSANG,NAGALAND
New Longmatra,Longmatra B.O,798611,Longmatra,TUENSANG,NAGALAND
Nikiya (UR),Sitimi B.O,798611,Sitimi,KIPHIRE,NAGALAND
Penkim,Pungro B.O,798611,Pungro,KIPHIRE,NAGALAND
Shishimi,Sitimi B.O,798611,Sitimi,KIPHIRE,NAGALAND
Shothumi 'A',Sitimi B.O,798611,Seyochung,TUENSANG,NAGALAND
Singrep,Singrup B.O,798611,Kiphire Sadar,KIPHIRE,NAGALAND
Tsutang,Pungro B.O,798611,Pungro,KIPHIRE,NAGALAND
Zaonger,Pungro B.O,798611,Pungro,KIPHIRE,NAGALAND
Zimkiur,Pungro B.O,798611,Pungro,KIPHIRE,NAGALAND
Amahator,Amahatore B.O,798611,Amahator,TUENSANG,NAGALAND
Fakim,Moya B.O,798611,Pungro,KIPHIRE,NAGALAND
Hutanger,Kiphire S.O,798611,Tsurungto,TUENSANG,NAGALAND
Kiphire Sadar,Kiphire S.O,798611,Kiphire Sadar,KIPHIRE,NAGALAND
Laya Compound Attached GREF,Seyochang B.O,798611,Seyochung,TUENSANG,NAGALAND
Longmatra,Longmatra B.O,798611,Longmatra,TUENSANG,NAGALAND
Lukhami,Sitimi B.O,798611,Seyochung,TUENSANG,NAGALAND
Muruti Zeha Seyochung Town GHS Comp.,Seyochang B.O,798611,Seyochung,TUENSANG,NAGALAND
Nitoi,Sitimi B.O,798611,Sitimi,KIPHIRE,NAGALAND
Old Monger,Seyochang B.O,798611,Seyochung,TUENSANG,NAGALAND
Risethsi (New),Amahatore B.O,798611,Amahator,TUENSANG,NAGALAND
Sitimi,Sitimi B.O,798611,Sitimi,KIPHIRE,NAGALAND
Thanamir,Pungro B.O,798611,Pungro,KIPHIRE,NAGALAND
Tsar Farm,Kiphire S.O,798611,Kiphire Sadar,KIPHIRE,NAGALAND
Tsungaki Camp,Longmatra B.O,798611,Longmatra,TUENSANG,NAGALAND
Tsunger,Seyochang B.O,798611,Seyochung,TUENSANG,NAGALAND
Amahator Vill.,Amahatore B.O,798611,Amahator,TUENSANG,NAGALAND
Longkhimong,Pungro B.O,798611,Pungro,KIPHIRE,NAGALAND
Mutingkhong,Pungro B.O,798611,Pungro,KIPHIRE,NAGALAND
New Vongti,Pungro B.O,798611,Pungro,KIPHIRE,NAGALAND
Purrur,Amahatore B.O,798611,Amahator,TUENSANG,NAGALAND
Shothumi 'B',Sitimi B.O,798611,Seyochung,TUENSANG,NAGALAND
Thangthur,Seyochang B.O,798611,Seyochung,TUENSANG,NAGALAND
Yangzitong,Seyochang B.O,798611,Seyochung,TUENSANG,NAGALAND
Amahator Hq,Amahatore B.O,798611,Amahator,TUENSANG,NAGALAND
Changchor,Amahatore B.O,798611,Amahator,TUENSANG,NAGALAND
Iponger,Pungro B.O,798611,Pungro,KIPHIRE,NAGALAND
Khongkha,Pungro B.O,798611,Pungro,KIPHIRE,NAGALAND
Langkoker,Kiphire S.O,798611,Kiphire Sadar,KIPHIRE,NAGALAND
Pungro Vill.,Pungro B.O,798611,Pungro,KIPHIRE,NAGALAND
Seyochung Hq,Seyochang B.O,798611,Seyochung,TUENSANG,NAGALAND
Seyochung S/Comp.,Seyochang B.O,798611,Seyochung,TUENSANG,NAGALAND
Sitimi Vill.,Sitimi B.O,798611,Sitimi,KIPHIRE,NAGALAND
Tetheyo,Longmatra B.O,798611,Longmatra,TUENSANG,NAGALAND
Tethezu,Longmatra B.O,798611,Longmatra,TUENSANG,NAGALAND
Vongti,Pungro B.O,798611,Pungro,KIPHIRE,NAGALAND
Wongtsowang,Pungro B.O,798611,Pungro,KIPHIRE,NAGALAND
Anatanger,Anatongere B.O,798611,Tsurungto,TUENSANG,NAGALAND
Honito,Sitimi B.O,798611,Sitimi,KIPHIRE,NAGALAND
Keor,Amahatore B.O,798611,Amahator,TUENSANG,NAGALAND
Kichang S/Comp.,Amahatore B.O,798611,Amahator,TUENSANG,NAGALAND
Longmatra Hq,Longmatra B.O,798611,Longmatra,TUENSANG,NAGALAND
Longthonger,Kiphire S.O,798611,Kiphire Sadar,KIPHIRE,NAGALAND
Moya,Moya B.O,798611,Pungro,KIPHIRE,NAGALAND
Ngoromi,Longmatra B.O,798611,Longmatra,TUENSANG,NAGALAND
Pungro,Pungro B.O,798611,Pungro,KIPHIRE,NAGALAND
Samphur,Longmatra B.O,798611,Longmatra,TUENSANG,NAGALAND
Seyochung,Seyochang B.O,798611,Seyochung,TUENSANG,NAGALAND
Sukiur 'A' +'B',Sikur B.O,798611,Tsurungto,TUENSANG,NAGALAND
Thazuvi,Sitimi B.O,798611,Sitimi,KIPHIRE,NAGALAND
Chomi,Pungro B.O,798611,Pungro,KIPHIRE,NAGALAND
Hakumute,Pungro B.O,798611,Pungro,KIPHIRE,NAGALAND
Khong,Pungro B.O,798611,Pungro,KIPHIRE,NAGALAND
Kiphire GHS Comp.,Kiphire S.O,798611,Kiphire Sadar,KIPHIRE,NAGALAND
Kisetong,Kisethong B.O,798611,Amahator,TUENSANG,NAGALAND
Langzanger,Sitimi B.O,798611,Sitimi,KIPHIRE,NAGALAND
LHEP,Pungro B.O,798611,Pungro,KIPHIRE,NAGALAND
Luthur,Pungro B.O,798611,Pungro,KIPHIRE,NAGALAND
Natsami,Sitimi B.O,798611,Sitimi,KIPHIRE,NAGALAND
Phisami,Phisami B.O,798611,Seyochung,TUENSANG,NAGALAND
Lofukhong,Pungro B.O,798611,Pungro,KIPHIRE,NAGALAND
New Monger,Seyochang B.O,798611,Seyochung,TUENSANG,NAGALAND
Phelonger,Phalonger B.O,798611,Kiphire Sadar,KIPHIRE,NAGALAND
Phisami S/Comp.,Phisami B.O,798611,Seyochung,TUENSANG,NAGALAND
Pokphur,Pokhpur B.O,798611,Kiusam,TUENSANG,NAGALAND
Pongrongru,Kiphire S.O,798611,Tsurungto,TUENSANG,NAGALAND
Pungren,Kiphire S.O,798611,Longmatra,TUENSANG,NAGALAND
Pungro Hq,Pungro B.O,798611,Pungro,KIPHIRE,NAGALAND
Resethsi (Old),Amahatore B.O,798611,Amahator,TUENSANG,NAGALAND
Salumi,Pungro B.O,798611,Pungro,KIPHIRE,NAGALAND
Seyochung Vill.,Seyochang B.O,798611,Seyochung,TUENSANG,NAGALAND
Sitimi Hq,Sitimi B.O,798611,Sitimi,KIPHIRE,NAGALAND
Tekivong,Pungro B.O,798611,Pungro,KIPHIRE,NAGALAND
Yingphire,Sitimi B.O,798611,Seyochung,TUENSANG,NAGALAND
Anatonger GREF Camp,Anatongere B.O,798611,Kiphire Sadar,KIPHIRE,NAGALAND
Mimi,Pungro B.O,798611,Pungro,KIPHIRE,NAGALAND
Rurur 'A' +'B',Kiphire S.O,798611,Tsurungto,TUENSANG,NAGALAND
Tsulote GREF Camp,Longmatra B.O,798611,Longmatra,TUENSANG,NAGALAND
Xuvishe (UR),Sitimi B.O,798611,Sitimi,KIPHIRE,NAGALAND
Yangsekyu,Sitimi B.O,798611,Sitimi,KIPHIRE,NAGALAND
Aiponger,Chessore B.O,798612,Chessore,TUENSANG,NAGALAND
Chendang (Chungdang),Chingmei B.O,798612,Tuensang Sadar,TUENSANG,NAGALAND
Helipong,Saramati B.O,798612,Tuensang Sadar,TUENSANG,NAGALAND
Helipong Agri-Farm,Saramati B.O,798612,Tuensang Sadar,TUENSANG,NAGALAND
K.Longru U/R,Chessore B.O,798612,Chessore,TUENSANG,NAGALAND
Kiusam,Thonokhunyu B.O,798612,Kiusam,TUENSANG,NAGALAND
Lasikiur,Shamator B.O,798612,Shamator,TUENSANG,NAGALAND
Liangkonger,Shamator B.O,798612,Shamator,TUENSANG,NAGALAND
Metonger,Thonokhunyu B.O,798612,Kiusam,TUENSANG,NAGALAND
Momchung (Momching),Sangsanyu B.O,798612,Tuensang Sadar,TUENSANG,NAGALAND
Pangsha(Old),Pangsha B.O,798612,Noklak,TUENSANG,NAGALAND
Panso Hq,Panso B.O,798612,Panso,TUENSANG,NAGALAND
Sanglao East,Sanglao B.O,798612,Thonoknyu,TUENSANG,NAGALAND
Sanglao West,Sanglao B.O,798612,Thonoknyu,TUENSANG,NAGALAND
Thonoknyu Vill.,Thonokhunyu B.O,798612,Thonoknyu,TUENSANG,NAGALAND
Wui,Thonokhunyu B.O,798612,Thonoknyu,TUENSANG,NAGALAND
Yali,Tuensang Village B.O,798612,Noksen,TUENSANG,NAGALAND
Chingmelen,Kuthur B.O,798612,Tuensang Sadar,TUENSANG,NAGALAND
Hukir,Huker B.O,798612,Chessore,TUENSANG,NAGALAND
K.Longsoru,Chessore B.O,798612,Chessore,TUENSANG,NAGALAND
Kejok,Sangsanyu B.O,798612,Tuensang Sadar,TUENSANG,NAGALAND
Kiutsukiur,Chessore B.O,798612,Chessore,TUENSANG,NAGALAND
Longra,Noksen B.O,798612,Noksen,TUENSANG,NAGALAND
Longtang,Noksen B.O,798612,Noksen,TUENSANG,NAGALAND
Pangsha(New),Pangsha B.O,798612,Noklak,TUENSANG,NAGALAND
Sauchu,Sangsanyu B.O,798612,Tuensang Sadar,TUENSANG,NAGALAND
Shamator,Shamator B.O,798612,Shamator,TUENSANG,NAGALAND
Shiponger,Shiponger B.O,798612,Chessore,TUENSANG,NAGALAND
Tsuwao,Panso B.O,798612,Panso,TUENSANG,NAGALAND
Yakore,Shampur B.O,798612,Shamator,TUENSANG,NAGALAND
Chessore,Chessore B.O,798612,Chessore,TUENSANG,NAGALAND
Kengnyu,Panso B.O,798612,Panso,TUENSANG,NAGALAND
Lengnyu,Panso B.O,798612,Panso,TUENSANG,NAGALAND
Maksha (Muksha),Sangsanyu B.O,798612,Tuensang Sadar,TUENSANG,NAGALAND
New Throngsonyu,Thonokhunyu B.O,798612,Kiusam,TUENSANG,NAGALAND
Noksen Village,Noksen B.O,798612,Noksen,TUENSANG,NAGALAND
Sangphur,Shampur B.O,798612,Shamator,TUENSANG,NAGALAND
Sangsangnyu,Sangsanyu B.O,798612,Tuensang Sadar,TUENSANG,NAGALAND
Thongsonyu,Thonokhunyu B.O,798612,Thonoknyu,TUENSANG,NAGALAND
Thonoknyu Hq,Thonokhunyu B.O,798612,Thonoknyu,TUENSANG,NAGALAND
Yakhao,Panso B.O,798612,Panso,TUENSANG,NAGALAND
Chassir,Shamator B.O,798612,Shamator,TUENSANG,NAGALAND
Chessore Vill.,Chessore B.O,798612,Chessore,TUENSANG,NAGALAND
Chipur,Thonokhunyu B.O,798612,Thonoknyu,TUENSANG,NAGALAND
Choklangan,Choklangan B.O,798612,Noklak,TUENSANG,NAGALAND
Kenjong,Thonokhunyu B.O,798612,Thonoknyu,TUENSANG,NAGALAND
Kephore,Chessore B.O,798612,Chessore,TUENSANG,NAGALAND
Konya,Sangsanyu B.O,798612,Tuensang Sadar,TUENSANG,NAGALAND
Nyinyim,Sangsanyu B.O,798612,Tuensang Sadar,TUENSANG,NAGALAND
Pang,Thonokhunyu B.O,798612,Thonoknyu,TUENSANG,NAGALAND
Panso,Panso B.O,798612,Panso,TUENSANG,NAGALAND
Panso 'B',Panso B.O,798612,Panso,TUENSANG,NAGALAND
Thimlak Fishery Farm,Sangsanyu B.O,798612,Tuensang Sadar,TUENSANG,NAGALAND
Waphur,Shamator B.O,798612,Shamator,TUENSANG,NAGALAND
Chendang Saddle,Chingmei B.O,798612,Noklak,TUENSANG,NAGALAND
Chikiponger,Thonokhunyu B.O,798612,Kiusam,TUENSANG,NAGALAND
Hak,Tuensang Village B.O,798612,Tuensang Sadar,TUENSANG,NAGALAND
Khudei,Saramati B.O,798612,Tuensang Sadar,TUENSANG,NAGALAND
Sangchen Compound,Sangsanyu B.O,798612,Tuensang Sadar,TUENSANG,NAGALAND
Thoktsur,Thonokhunyu B.O,798612,Thonoknyu,TUENSANG,NAGALAND
Thonoknyu,Thonokhunyu B.O,798612,Thonoknyu,TUENSANG,NAGALAND
Tsurungto HQ,Shamator B.O,798612,Tsurungto,TUENSANG,NAGALAND
Tuensang Sadar,Tuensang S.O,798612,Tuensang Sadar,TUENSANG,NAGALAND
3rd NAP BN,Saramati B.O,798612,Tuensang Sadar,TUENSANG,NAGALAND
Chilliso,Thonokhunyu B.O,798612,Thonoknyu,TUENSANG,NAGALAND
Chingmei,Chingmei B.O,798612,Noklak,TUENSANG,NAGALAND
Hakchang,Sangsanyu B.O,798612,Tuensang Sadar,TUENSANG,NAGALAND
Kingphu,Thonokhunyu B.O,798612,Thonoknyu,TUENSANG,NAGALAND
Kiusam Hq,Thonokhunyu B.O,798612,Kiusam,TUENSANG,NAGALAND
Kiusam Vill.,Thonokhunyu B.O,798612,Kiusam,TUENSANG,NAGALAND
Longtoker (Longtokur),Sotokur B.O,798612,Tuensang Sadar,TUENSANG,NAGALAND
Longtsunger,Thonokhunyu B.O,798612,Kiusam,TUENSANG,NAGALAND
Ngounchung,Sangsanyu B.O,798612,Tuensang Sadar,TUENSANG,NAGALAND
Nokhu,Nokhu B.O,798612,Noklak,TUENSANG,NAGALAND
Noksen,Noksen B.O,798612,Noksen,TUENSANG,NAGALAND
Noksen Hq,Noksen B.O,798612,Noksen,TUENSANG,NAGALAND
Peshu,Pessu B.O,798612,Thonoknyu,TUENSANG,NAGALAND
Shamator N.A.P Post,Shamator B.O,798612,Shamator,TUENSANG,NAGALAND
Sotokur,Sotokur B.O,798612,Tuensang Sadar,TUENSANG,NAGALAND
Tsurungto,Shamator B.O,798612,Tsurungto,TUENSANG,NAGALAND
Y.Anner Vill.,Chessore B.O,798612,Chessore,TUENSANG,NAGALAND
Yangpi (Kongsang),Kongsang B.O,798612,Noksen,TUENSANG,NAGALAND
Yongyu,Noksen B.O,798612,Noksen,TUENSANG,NAGALAND
Yukumsang S/Comp.,Noksen B.O,798612,Noksen,TUENSANG,NAGALAND
Bodampu,Tuensang Village B.O,798612,Tuensang Sadar,TUENSANG,NAGALAND
Chessore Hq,Chessore B.O,798612,Chessore,TUENSANG,NAGALAND
Kuthur,Kuthur B.O,798612,Tuensang Sadar,TUENSANG,NAGALAND
Lokong (Logong),Sangsanyu B.O,798612,Tuensang Sadar,TUENSANG,NAGALAND
Muleangkiur,Shamator B.O,798612,Shamator,TUENSANG,NAGALAND
Panso 'A',Panso B.O,798612,Panso,TUENSANG,NAGALAND
Santak,Tuensang Village B.O,798612,Noksen,TUENSANG,NAGALAND
Shamator Village,Shamator B.O,798612,Shamator,TUENSANG,NAGALAND
Shamator Hq,Shamator B.O,798612,Shamator,TUENSANG,NAGALAND
Bhumpak,Tuensang Village B.O,798612,Tuensang Sadar,TUENSANG,NAGALAND
Chichi (New Peshu) (UR),Thonokhunyu B.O,798612,Thonoknyu,TUENSANG,NAGALAND
Kumpong,Noksen B.O,798612,Noksen,TUENSANG,NAGALAND
Litem,Noksen B.O,798612,Noksen,TUENSANG,NAGALAND
Nakshu,Sangsanyu B.O,798612,Tuensang Sadar,TUENSANG,NAGALAND
Ngangpong,Saramati B.O,798612,Tuensang Sadar,TUENSANG,NAGALAND
Sangkumti,Thonokhunyu B.O,798612,Kiusam,TUENSANG,NAGALAND
Sangtsung,Noksen B.O,798612,Kiusam,TUENSANG,NAGALAND
Throngsonyu,Thonokhunyu B.O,798612,Kiusam,TUENSANG,NAGALAND
Tuensang Village,Tuensang Village B.O,798612,Tuensang Sadar,TUENSANG,NAGALAND
Yimpang,Chingmei B.O,798612,Noklak,TUENSANG,NAGALAND
Akhoia,Chantongia S.O,798613,Changtongya,MOKOKCHUNG,NAGALAND
Changtongya,Chantongia S.O,798613,Changtongya,MOKOKCHUNG,NAGALAND
Changtongya (New),Chantongia S.O,798613,Changtongya,MOKOKCHUNG,NAGALAND
Changtongya Hq,Chantongia S.O,798613,Changtongya,MOKOKCHUNG,NAGALAND
Yaongyimti (New),Chantongia S.O,798613,Chuchuyimlang,MOKOKCHUNG,NAGALAND
Yaongyimti (Old),Chantongia S.O,798613,Chuchuyimlang,MOKOKCHUNG,NAGALAND
Asangma,Chantongia S.O,798613,Changtongya,MOKOKCHUNG,NAGALAND
Changtongya Elct.Colony,Chantongia S.O,798613,Changtongya,MOKOKCHUNG,NAGALAND
Yaongyimsen,Yaongyimsen B.O,798613,Changtongya,MOKOKCHUNG,NAGALAND
Kilangmen,Chantongia S.O,798613,Changtongya,MOKOKCHUNG,NAGALAND
Yaongyimsen Comp.,Yaongyimsen B.O,798613,Changtongya,MOKOKCHUNG,NAGALAND
Changtongya (Old),Chantongia S.O,798613,Changtongya,MOKOKCHUNG,NAGALAND
Chuchuyimlang,Chuchuyimlang S.O,798614,Chuchuyimlang,MOKOKCHUNG,NAGALAND
Longkong,Longkong B.O,798614,Chuchuyimlang,MOKOKCHUNG,NAGALAND
Mongsenyimti,Mongsenyimti B.O,798614,Chuchuyimlang,MOKOKCHUNG,NAGALAND
Mongsenyimti Comp.,Mongsenyimti B.O,798614,Chuchuyimlang,MOKOKCHUNG,NAGALAND
Salulemang,Salulamang B.O,798614,Chuchuyimlang,MOKOKCHUNG,NAGALAND
Unger,Ungar B.O,798614,Changtongya,MOKOKCHUNG,NAGALAND
Yisemyong Comp.,Yisemyong B.O,798614,Chuchuyimlang,MOKOKCHUNG,NAGALAND
Chakpa,Phangsang B.O,798614,Chuchuyimlang,MOKOKCHUNG,NAGALAND
Chuchuyimlang Vill.,Chuchuyimlang S.O,798614,Chuchuyimlang,MOKOKCHUNG,NAGALAND
Phangsang Comp.,Phangsang B.O,798614,Chuchuyimlang,MOKOKCHUNG,NAGALAND
Alongchen Comp.,Impur S.O,798615,Kubolong,MOKOKCHUNG,NAGALAND
Impur Comp.,Impur S.O,798615,Kubolong,MOKOKCHUNG,NAGALAND
Chami,Impur S.O,798615,Kubolong,MOKOKCHUNG,NAGALAND
Kubolong,Kubulong B.O,798615,Kubolong,MOKOKCHUNG,NAGALAND
Kubolong Hq,Kubulong B.O,798615,Kubolong,MOKOKCHUNG,NAGALAND
Longpha,Longchang B.O,798615,Kubolong,MOKOKCHUNG,NAGALAND
Sungratsu,Sungratsu B.O,798615,Kubolong,MOKOKCHUNG,NAGALAND
Mopungchukit,Impur S.O,798615,Kubolong,MOKOKCHUNG,NAGALAND
Longjang,Longchang B.O,798615,Kubolong,MOKOKCHUNG,NAGALAND
Holongba,Longkhim S.O,798616,Longkhim,TUENSANG,NAGALAND
Lirise,Longkhim S.O,798616,Longkhim,TUENSANG,NAGALAND
Lithsami,Yangli B.O,798616,Longkhim,TUENSANG,NAGALAND
Amahator Hq,Longkhim S.O,798616,Amahator,TUENSANG,NAGALAND
Chungtore,Chungtore B.O,798616,Longkhim,TUENSANG,NAGALAND
Pungren,Longkhim S.O,798616,Longmatra,TUENSANG,NAGALAND
Chungtore,Longkhim S.O,798616,Longkhim,TUENSANG,NAGALAND
Inskur,Longkhim S.O,798616,Amahator,TUENSANG,NAGALAND
Kisetong,Longkhim S.O,798616,Amahator,TUENSANG,NAGALAND
Lithsami,Longkhim S.O,798616,Longkhim,TUENSANG,NAGALAND
New Longmatra,Longkhim S.O,798616,Longmatra,TUENSANG,NAGALAND
Old Mangakhi,Longkhim S.O,798616,Longkhim,TUENSANG,NAGALAND
Purrur,Longkhim S.O,798616,Amahator,TUENSANG,NAGALAND
Tetheyo,Longkhim S.O,798616,Longmatra,TUENSANG,NAGALAND
Tethezu,Longkhim S.O,798616,Longmatra,TUENSANG,NAGALAND
Angangba,Longkhim S.O,798616,Longkhim,TUENSANG,NAGALAND
Sibongsang,Longkhim S.O,798616,Tuensang Sadar,TUENSANG,NAGALAND
Yangli Mission Centre,Longkhim S.O,798616,Longkhim,TUENSANG,NAGALAND
Amahator Vill.,Longkhim S.O,798616,Amahator,TUENSANG,NAGALAND
Chimonger,Longkhim S.O,798616,Longkhim,TUENSANG,NAGALAND
Longmatra Hq,Longkhim S.O,798616,Longmatra,TUENSANG,NAGALAND
New Mangakhi,Yangli B.O,798616,Longkhim,TUENSANG,NAGALAND
Ngoromi,Longkhim S.O,798616,Longmatra,TUENSANG,NAGALAND
Samphur,Longkhim S.O,798616,Longmatra,TUENSANG,NAGALAND
Sangsomong,Longkhim S.O,798616,Longkhim,TUENSANG,NAGALAND
Tsulote GREF Camp,Longkhim S.O,798616,Longmatra,TUENSANG,NAGALAND
Angangba,Angangba B.O,798616,Longkhim,TUENSANG,NAGALAND
Chimonger,Chimonger B.O,798616,Longkhim,TUENSANG,NAGALAND
Horonger,Longkhim S.O,798616,Amahator,TUENSANG,NAGALAND
Longkhim,Longkhim S.O,798616,Longkhim,TUENSANG,NAGALAND
Longkhim Hq,Longkhim S.O,798616,Longkhim,TUENSANG,NAGALAND
Longmatra,Longkhim S.O,798616,Longmatra,TUENSANG,NAGALAND
Phirahir,Longkhim S.O,798616,Longkhim,TUENSANG,NAGALAND
Resethsi (Old),Longkhim S.O,798616,Amahator,TUENSANG,NAGALAND
Tsungaki Camp,Longkhim S.O,798616,Longmatra,TUENSANG,NAGALAND
Yangli Mission Centre,Yangli B.O,798616,Longkhim,TUENSANG,NAGALAND
Keor,Longkhim S.O,798616,Amahator,TUENSANG,NAGALAND
Kichang S/Comp.,Longkhim S.O,798616,Amahator,TUENSANG,NAGALAND
Yimrup,Chimonger B.O,798616,Noksen,TUENSANG,NAGALAND
Amahator,Longkhim S.O,798616,Amahator,TUENSANG,NAGALAND
Changchor,Longkhim S.O,798616,Amahator,TUENSANG,NAGALAND
New Mangakhi,Longkhim S.O,798616,Longkhim,TUENSANG,NAGALAND
Old Mangakhi,Yangli B.O,798616,Longkhim,TUENSANG,NAGALAND
Risethsi (New),Longkhim S.O,798616,Amahator,TUENSANG,NAGALAND
Anaki 'C',Barakangtsung B.O,798618,Tuli,MOKOKCHUNG,NAGALAND
Kangtsung 'D' (Aobenzu),Barakangtsung B.O,798618,Tuli,MOKOKCHUNG,NAGALAND
Ladaigarh,Tamlu B.O,798618,Tamlu,LONGLENG,NAGALAND
Tuli,Luyang Valley B.O,798618,Tuli,MOKOKCHUNG,NAGALAND
Tuli,Tuli S.O,798618,Tuli,MOKOKCHUNG,NAGALAND
Wamaken,Wamaken B.O,798618,Tuli,MOKOKCHUNG,NAGALAND
Merangkong Comp.,Merangkong B.O,798618,Tuli,MOKOKCHUNG,NAGALAND
Tamlu,Tamlu B.O,798618,Tamlu,LONGLENG,NAGALAND
Merakong,Merangkong B.O,798618,Mangkolemba,MOKOKCHUNG,NAGALAND
Ngetchungshing,Tamlu B.O,798618,Tamlu,LONGLENG,NAGALAND
Tamlu Village,Tamlu B.O,798618,Tamlu,LONGLENG,NAGALAND
Tuli Hq,Tuli S.O,798618,Tuli,MOKOKCHUNG,NAGALAND
Anakiyimsen,Barakangtsung B.O,798618,Tuli,MOKOKCHUNG,NAGALAND
Asangma,Asangma B.O,798618,Changtongya,MOKOKCHUNG,NAGALAND
Kangching,Tamlu B.O,798618,Tamlu,LONGLENG,NAGALAND
Merangkong,Merangkong B.O,798618,Tuli,MOKOKCHUNG,NAGALAND
Shamnyuching,Tamlu B.O,798618,Tamlu,LONGLENG,NAGALAND
Kangtsung 'C' (Soyimlenden),Barakangtsung B.O,798618,Tuli,MOKOKCHUNG,NAGALAND
Kangtsung,Barakangtsung B.O,798618,Tuli,MOKOKCHUNG,NAGALAND
Konsong S/ Comp.,Tamlu B.O,798618,Tamlu,LONGLENG,NAGALAND
Shitap,Tamlu B.O,798618,Tamlu,LONGLENG,NAGALAND
Tamlu Hq,Tamlu B.O,798618,Tamlu,LONGLENG,NAGALAND
Anaki,Barakangtsung B.O,798618,Tuli,MOKOKCHUNG,NAGALAND
Molungkimong,Molungkhimong B.O,798618,Alongkima,MOKOKCHUNG,NAGALAND
Molungyimsen,Molungyimsen B.O,798618,Alongkima,MOKOKCHUNG,NAGALAND
Achikuchu 'A',Asuto B.O,798620,Asuto,ZUNHEBOTTO,NAGALAND
Apukito,Atoizu B.O,798620,Atoizu,ZUNHEBOTTO,NAGALAND
Asuto Vill.,Asuto B.O,798620,Asuto,ZUNHEBOTTO,NAGALAND
Ghukiye,Zunheboto S.O,798620,Zunheboto Sadar,ZUNHEBOTTO,NAGALAND
Hokiye,Satoi B.O,798620,Satoi,ZUNHEBOTTO,NAGALAND
Itovi,Satoi B.O,798620,Satoi,ZUNHEBOTTO,NAGALAND
Khukiye,Satakha B.O,798620,Satakha,ZUNHEBOTTO,NAGALAND
Kitsakita,Atoizu B.O,798620,Atoizu,ZUNHEBOTTO,NAGALAND
Kiyetha,Suruhuto B.O,798620,Suruhuto,ZUNHEBOTTO,NAGALAND
Litsami,Atoizu B.O,798620,Atoizu,ZUNHEBOTTO,NAGALAND
Lizu (New),Zunheboto S.O,798620,Zunheboto Sadar,ZUNHEBOTTO,NAGALAND
Melahumi,Satami B.O,798620,Aghunato,ZUNHEBOTTO,NAGALAND
Ngozubomi,Satami B.O,798620,Asuto,ZUNHEBOTTO,NAGALAND
Nunumi,Satakha B.O,798620,Satakha,ZUNHEBOTTO,NAGALAND
Phuye (Old),Suruhuto B.O,798620,Suruhuto,ZUNHEBOTTO,NAGALAND
Roto (New),Atoizu B.O,798620,Atoizu,ZUNHEBOTTO,NAGALAND
Satakha,Satakha B.O,798620,Satakha,ZUNHEBOTTO,NAGALAND
Shitsumi,Aghunato B.O,798620,Akuluto,ZUNHEBOTTO,NAGALAND
Suruhuto Hq,Suruhuto B.O,798620,Suruhuto,ZUNHEBOTTO,NAGALAND
Tsuruhu,Satoi B.O,798620,Satoi,ZUNHEBOTTO,NAGALAND
Tsutha Hydel Project,Aghunato B.O,798620,Aghunato,ZUNHEBOTTO,NAGALAND
Vedami,Suruhuto B.O,798620,Suruhuto,ZUNHEBOTTO,NAGALAND
Xukhepu (Kokhepu),Zunheboto S.O,798620,Zunheboto Sadar,ZUNHEBOTTO,NAGALAND
Yehemi,Suruhuto B.O,798620,Suruhuto,ZUNHEBOTTO,NAGALAND
Zhekiye,Satakha B.O,798620,Satakha,ZUNHEBOTTO,NAGALAND
Akubami(Old),Aghunato B.O,798620,Aghunato,ZUNHEBOTTO,NAGALAND
Akuhaito H.S.Comp,Akuhaito B.O,798620,Atoizu,ZUNHEBOTTO,NAGALAND
Asukhuto,Asukuto B.O,798620,Atoizu,ZUNHEBOTTO,NAGALAND
Atoizu,Atoizu B.O,798620,Atoizu,ZUNHEBOTTO,NAGALAND
Ghokhuye,Satakha B.O,798620,Satakha,ZUNHEBOTTO,NAGALAND
Khetoi,Tokiye B.O,798620,Aghunato,ZUNHEBOTTO,NAGALAND
Khumishi 'A',Asuto B.O,798620,Asuto,ZUNHEBOTTO,NAGALAND
Khumishi 'B',Asuto B.O,798620,Asuto,ZUNHEBOTTO,NAGALAND
Koiboto,Asuto B.O,798620,Asuto,ZUNHEBOTTO,NAGALAND
Lochomi,Zunheboto S.O,798620,Zunheboto Sadar,ZUNHEBOTTO,NAGALAND
Lokobomi,Atoizu B.O,798620,Atoizu,ZUNHEBOTTO,NAGALAND
Lukhai,Satakha B.O,798620,Satakha,ZUNHEBOTTO,NAGALAND
Naghuto(Old),Atoizu B.O,798620,Atoizu,ZUNHEBOTTO,NAGALAND
Natha (Old),Zunheboto S.O,798620,Zunheboto Sadar,ZUNHEBOTTO,NAGALAND
Roto (Old),Atoizu B.O,798620,Atoizu,ZUNHEBOTTO,NAGALAND
Saptiqa,Satakha B.O,798620,Satakha,ZUNHEBOTTO,NAGALAND
Sheipu,Zunheboto S.O,798620,Zunheboto Sadar,ZUNHEBOTTO,NAGALAND
Shoixe,Satakha B.O,798620,Satakha,ZUNHEBOTTO,NAGALAND
Sukhalu,Zunheboto S.O,798620,Zunheboto Sadar,ZUNHEBOTTO,NAGALAND
Tazuhumi,Asuto B.O,798620,Asuto,ZUNHEBOTTO,NAGALAND
Thokihimi,Tokiye B.O,798620,Aghunato,ZUNHEBOTTO,NAGALAND
Tokiye,Tokiye B.O,798620,Aghunato,ZUNHEBOTTO,NAGALAND
Zheishe,Aghunato B.O,798620,Aghunato,ZUNHEBOTTO,NAGALAND
Zunheboto Sadar,Zunheboto S.O,798620,Zunheboto Sadar,ZUNHEBOTTO,NAGALAND
Achikuchu 'A',Aghunato B.O,798620,Asuto,ZUNHEBOTTO,NAGALAND
Achikuchu 'B',Asuto B.O,798620,Asuto,ZUNHEBOTTO,NAGALAND
Aghulitomi,Aghunato B.O,798620,Asuto,ZUNHEBOTTO,NAGALAND
Aghunato,Zunheboto S.O,798620,Aghunato,ZUNHEBOTTO,NAGALAND
Aichisanghemi (S),Suruhuto B.O,798620,Suruhuto,ZUNHEBOTTO,NAGALAND
Akuluto,Aghunato B.O,798620,Akuluto,ZUNHEBOTTO,NAGALAND
Emlomi,Atoizu B.O,798620,Atoizu,ZUNHEBOTTO,NAGALAND
Ghokishe,Aghunato B.O,798620,Aghunato,ZUNHEBOTTO,NAGALAND
Kawoto 'B',Zunheboto S.O,798620,Zunheboto Sadar,ZUNHEBOTTO,NAGALAND
Keltomi,Aghunato B.O,798620,Aghunato,ZUNHEBOTTO,NAGALAND
Khukishe,Tokiye B.O,798620,Aghunato,ZUNHEBOTTO,NAGALAND
Kichilimi,Kichilimi B.O,798620,Ghathashi,ZUNHEBOTTO,NAGALAND
Lizu Aviqato,Zunheboto S.O,798620,Zunheboto Sadar,ZUNHEBOTTO,NAGALAND
Lizutomi,Satami B.O,798620,Asuto,ZUNHEBOTTO,NAGALAND
Lotisami (Old),Aghunato B.O,798620,Akuluto,ZUNHEBOTTO,NAGALAND
Lukhuyimi,Aghunato B.O,798620,Aghunato,ZUNHEBOTTO,NAGALAND
Natha (New),Zunheboto S.O,798620,Zunheboto Sadar,ZUNHEBOTTO,NAGALAND
Philimi,Atoizu B.O,798620,Atoizu,ZUNHEBOTTO,NAGALAND
Phuleshetomi,Aghunato B.O,798620,Aghunato,ZUNHEBOTTO,NAGALAND
Satami,Satami B.O,798620,Asuto,ZUNHEBOTTO,NAGALAND
Thakiye,Satoi B.O,798620,Satoi,ZUNHEBOTTO,NAGALAND
Tsukomi,Aghunato B.O,798620,Aghunato,ZUNHEBOTTO,NAGALAND
Tsutoho,Satoi B.O,798620,Satoi,ZUNHEBOTTO,NAGALAND
Viyilho,Tokiye B.O,798620,Aghunato,ZUNHEBOTTO,NAGALAND
Xamunuboto S/Comp.,Satakha B.O,798620,Satakha,ZUNHEBOTTO,NAGALAND
Yesholtomi,Atoizu B.O,798620,Atoizu,ZUNHEBOTTO,NAGALAND
Aghulitomi,Satami B.O,798620,Asuto,ZUNHEBOTTO,NAGALAND
Aghunato,Aghunato B.O,798620,Aghunato,ZUNHEBOTTO,NAGALAND
Aichisanghemi (N),Suruhuto B.O,798620,Suruhuto,ZUNHEBOTTO,NAGALAND
Atoizu Hq,Asukuto B.O,798620,Atoizu,ZUNHEBOTTO,NAGALAND
Hoshepu S/Comp.,Hosephu B.O,798620,Aghunato,ZUNHEBOTTO,NAGALAND
Kathara,Asuto B.O,798620,Asuto,ZUNHEBOTTO,NAGALAND
Khewoto,Hosephu B.O,798620,Aghunato,ZUNHEBOTTO,NAGALAND
Livishe(Old),Aghunato B.O,798620,Aghunato,ZUNHEBOTTO,NAGALAND
Luthsumi,Aghunato B.O,798620,Aghunato,ZUNHEBOTTO,NAGALAND
Satakha Hq,Satakha B.O,798620,Satakha,ZUNHEBOTTO,NAGALAND
Satoi Hq,Satoi B.O,798620,Satoi,ZUNHEBOTTO,NAGALAND
Sena (New),Satakha B.O,798620,Satakha,ZUNHEBOTTO,NAGALAND
Shevishe,Aghunato B.O,798620,Aghunato,ZUNHEBOTTO,NAGALAND
Sumi Shitsu,Aghunato B.O,798620,Akuluto,ZUNHEBOTTO,NAGALAND
Suruhuto,Suruhuto B.O,798620,Suruhuto,ZUNHEBOTTO,NAGALAND
T.Island S/Comp.,Asuto B.O,798620,Asuto,ZUNHEBOTTO,NAGALAND
Ticheze (Tokiye),Tokiye B.O,798620,Asuto,ZUNHEBOTTO,NAGALAND
Tukunasami,Satakha B.O,798620,Satakha,ZUNHEBOTTO,NAGALAND
Vekuho(New),Atoizu B.O,798620,Atoizu,ZUNHEBOTTO,NAGALAND
Vishepu,Satakha B.O,798620,Satakha,ZUNHEBOTTO,NAGALAND
Xuivi,Satakha B.O,798620,Satakha,ZUNHEBOTTO,NAGALAND
Yevishe,Asuto B.O,798620,Asuto,ZUNHEBOTTO,NAGALAND
Zungti,Zunheboto S.O,798620,Zunheboto Sadar,ZUNHEBOTTO,NAGALAND
Achikuchu 'B',Aghunato B.O,798620,Asuto,ZUNHEBOTTO,NAGALAND
Aghiyilimi,Tokiye B.O,798620,Aghunato,ZUNHEBOTTO,NAGALAND
Aghunato Hq,Aghunato B.O,798620,Aghunato,ZUNHEBOTTO,NAGALAND
Baimho,Zunheboto S.O,798620,Zunheboto Sadar,ZUNHEBOTTO,NAGALAND
Hoshepu,Aghunato B.O,798620,Aghunato,ZUNHEBOTTO,NAGALAND
Lumami,Aghunato B.O,798620,Akuluto,ZUNHEBOTTO,NAGALAND
Melahumi,Satami B.O,798620,Asuto,ZUNHEBOTTO,NAGALAND
Nihoshe (N),Satami B.O,798620,Asuto,ZUNHEBOTTO,NAGALAND
Nizhevi,Satami B.O,798620,Asuto,ZUNHEBOTTO,NAGALAND
Phuye (New),Suruhuto B.O,798620,Suruhuto,ZUNHEBOTTO,NAGALAND
saghemi,Saghemi B.O,798620,Aghunato,ZUNHEBOTTO,NAGALAND
Sapotimi,Suruhuto B.O,798620,Suruhuto,ZUNHEBOTTO,NAGALAND
Shotomi,Zunheboto S.O,798620,Zunheboto Sadar,ZUNHEBOTTO,NAGALAND
Sukhai,Satakha B.O,798620,Satakha,ZUNHEBOTTO,NAGALAND
Sukomi,Atoizu B.O,798620,Atoizu,ZUNHEBOTTO,NAGALAND
Asukhomi,Asukhomi B.O,798620,Zunheboto Sadar,ZUNHEBOTTO,NAGALAND
Asuto,Asuto B.O,798620,Asuto,ZUNHEBOTTO,NAGALAND
Hekiye,Zunheboto S.O,798620,Zunheboto Sadar,ZUNHEBOTTO,NAGALAND
Hoishe,Satakha B.O,798620,Satakha,ZUNHEBOTTO,NAGALAND
Kheshito,Satoi B.O,798620,Satoi,ZUNHEBOTTO,NAGALAND
Kholeboto,Suruhuto B.O,798620,Suruhuto,ZUNHEBOTTO,NAGALAND
Kitahumi,Satami B.O,798620,Asuto,ZUNHEBOTTO,NAGALAND
Kivikhu,Satakha B.O,798620,Satakha,ZUNHEBOTTO,NAGALAND
Lizu (Old),Zunheboto S.O,798620,Zunheboto Sadar,ZUNHEBOTTO,NAGALAND
Lizu Naghuto,Zunheboto S.O,798620,Zunheboto Sadar,ZUNHEBOTTO,NAGALAND
Lotisami (New),Aghunato B.O,798620,Akuluto,ZUNHEBOTTO,NAGALAND
Lukikhe,Aghunato B.O,798620,Aghunato,ZUNHEBOTTO,NAGALAND
Luvishe(New),Aghunato B.O,798620,Aghunato,ZUNHEBOTTO,NAGALAND
Naltoqa,Suruhuto B.O,798620,Suruhuto,ZUNHEBOTTO,NAGALAND
Satoi Vill,Satoi B.O,798620,Satoi,ZUNHEBOTTO,NAGALAND
Shichimi,Aghunato B.O,798620,Akuluto,ZUNHEBOTTO,NAGALAND
Tuzuhumi,Asuto B.O,798620,Asuto,ZUNHEBOTTO,NAGALAND
Usutomi,Satakha B.O,798620,Satakha,ZUNHEBOTTO,NAGALAND
Viyixe,Tokiye B.O,798620,Aghunato,ZUNHEBOTTO,NAGALAND
Yemishe,Zunheboto S.O,798620,Zunheboto Sadar,ZUNHEBOTTO,NAGALAND
Yeshito,Asuto B.O,798620,Asuto,ZUNHEBOTTO,NAGALAND
Zaphumi,Aghunato B.O,798620,Akuluto,ZUNHEBOTTO,NAGALAND
Aghiyilimi,Aghunato B.O,798620,Aghunato,ZUNHEBOTTO,NAGALAND
Akubami(New),Aghunato B.O,798620,Aghunato,ZUNHEBOTTO,NAGALAND
Awotsakilimi,Atoizu B.O,798620,Atoizu,ZUNHEBOTTO,NAGALAND
Hoshepu,Hosephu B.O,798620,Aghunato,ZUNHEBOTTO,NAGALAND
Ikiye,Satoi B.O,798620,Satoi,ZUNHEBOTTO,NAGALAND
Khuvuxu,Satoi B.O,798620,Satoi,ZUNHEBOTTO,NAGALAND
Kiyekhu,Satakha B.O,798620,Satakha,ZUNHEBOTTO,NAGALAND
Kokhepu-Kulhopu,Zunheboto S.O,798620,Zunheboto Sadar,ZUNHEBOTTO,NAGALAND
Lumthsami,Aghunato B.O,798620,Akuluto,ZUNHEBOTTO,NAGALAND
New Land,Zunheboto S.O,798620,Zunheboto Sadar,ZUNHEBOTTO,NAGALAND
Nihoshe (S),Hosephu B.O,798620,Aghunato,ZUNHEBOTTO,NAGALAND
Satakha Vill,Satakha B.O,798620,Satakha,ZUNHEBOTTO,NAGALAND
Sena (Old),Satakha B.O,798620,Satakha,ZUNHEBOTTO,NAGALAND
Surumi,Surumi B.O,798620,Suruhuto,ZUNHEBOTTO,NAGALAND
Sutemi,Aghunato B.O,798620,Akuluto,ZUNHEBOTTO,NAGALAND
Vekuho(Old),Atoizu B.O,798620,Atoizu,ZUNHEBOTTO,NAGALAND
Yezashimi,Tokiye B.O,798620,Aghunato,ZUNHEBOTTO,NAGALAND
Aghutito S/Comp.,Satakha B.O,798620,Satakha,ZUNHEBOTTO,NAGALAND
Akhakhu,Asuto B.O,798620,Asuto,ZUNHEBOTTO,NAGALAND
Asuto Hq,Asuto B.O,798620,Asuto,ZUNHEBOTTO,NAGALAND
Atunakugha,Asuto B.O,798620,Asuto,ZUNHEBOTTO,NAGALAND
Ghokhuvi,Satoi B.O,798620,Satoi,ZUNHEBOTTO,NAGALAND
Kawoto 'A',Zunheboto S.O,798620,Zunheboto Sadar,ZUNHEBOTTO,NAGALAND
Khehoshe (Politechnic),Asukuto B.O,798620,Atoizu,ZUNHEBOTTO,NAGALAND
Khekiye,Hosephu B.O,798620,Aghunato,ZUNHEBOTTO,NAGALAND
Khrimtomi,Akuhaito B.O,798620,Atoizu,ZUNHEBOTTO,NAGALAND
Kikhevi,Asuto B.O,798620,Asuto,ZUNHEBOTTO,NAGALAND
Momi,Satakha B.O,798620,Satakha,ZUNHEBOTTO,NAGALAND
Naghuto(New),Atoizu B.O,798620,Atoizu,ZUNHEBOTTO,NAGALAND
Nikuto,Zunheboto S.O,798620,Zunheboto Sadar,ZUNHEBOTTO,NAGALAND
Sahuboto S/Comp.,Satami B.O,798620,Asuto,ZUNHEBOTTO,NAGALAND
Satoi,Satoi B.O,798620,Satoi,ZUNHEBOTTO,NAGALAND
Shoipu,Satakha B.O,798620,Satakha,ZUNHEBOTTO,NAGALAND
Tichipami,Suruhuto B.O,798620,Suruhuto,ZUNHEBOTTO,NAGALAND
Zhekuto,Suruhuto B.O,798620,Suruhuto,ZUNHEBOTTO,NAGALAND
Goching,Chui B.O,798621,Mon Sadar,MON,NAGALAND
Longshen Hq,Tang B.O,798621,Longshen,MON,NAGALAND
Longwa,Longwa B.O,798621,Phomching,MON,NAGALAND
Shianghachingnyu,Singha Chingnyu B.O,798621,Longshen,MON,NAGALAND
Shianghatangteh,Tang B.O,798621,Longshen,MON,NAGALAND
Shianghawamsa,Singha Chingnyu B.O,798621,Longshen,MON,NAGALAND
Chui,Chui B.O,798621,Mon Sadar,MON,NAGALAND
Leangha,Chui B.O,798621,Mon Sadar,MON,NAGALAND
Phuktong,Longpong Senghe B.O,798621,Mon Sadar,MON,NAGALAND
Tanhai,Pongkong B.O,798621,Wakching,MON,NAGALAND
Tuimei,Longpong Senghe B.O,798621,Mon Sadar,MON,NAGALAND
Hongphoi,Pongkong B.O,798621,Mon Sadar,MON,NAGALAND
Otting,Pongkong B.O,798621,Mon Sadar,MON,NAGALAND
Pongkong,Pongkong B.O,798621,Mon Sadar,MON,NAGALAND
Shangnyu,Longpong Senghe B.O,798621,Shangnyu,MON,NAGALAND
Shiyong,Wakching B.O,798621,Wakching,MON,NAGALAND
Shianghamokok,Singha Chingnyu B.O,798621,Longshen,MON,NAGALAND
Totokchingnyu,Totak B.O,798621,Mon Sadar,MON,NAGALAND
Wakching,Wakching B.O,798621,Wakching,MON,NAGALAND
Chingphoi,Wakching B.O,798621,Wakching,MON,NAGALAND
Chingtang,Wakching B.O,798621,Wakching,MON,NAGALAND
Longkai,Pongkong B.O,798621,Mon Sadar,MON,NAGALAND
Longponshing,Longpong Senghe B.O,798621,Mon Sadar,MON,NAGALAND
Longshen,Tang B.O,798621,Longshen,MON,NAGALAND
Longzang,Longwa B.O,798621,Phomching,MON,NAGALAND
Totokchingha,Totak B.O,798621,Mon Sadar,MON,NAGALAND
Wakching Hq,Wakching B.O,798621,Wakching,MON,NAGALAND
Leangnyu,Pongkong B.O,798621,Mon Sadar,MON,NAGALAND
Mon Village,Mon S.O,798621,Mon Sadar,MON,NAGALAND
Tang,Tang B.O,798621,Longshen,MON,NAGALAND
Totokchingkhu,Totak B.O,798621,Mon Sadar,MON,NAGALAND
Yuting,Tang B.O,798621,Longshen,MON,NAGALAND
Longtho,Longpong Senghe B.O,798621,Shangnyu,MON,NAGALAND
Mon Sadar,Mon S.O,798621,Mon Sadar,MON,NAGALAND
Nayasa,Longpong Senghe B.O,798621,Shangnyu,MON,NAGALAND
Wanching,Waunching B.O,798621,Wakching,MON,NAGALAND
Naginimora,Naginimora S.O,798622,Naginimora,MON,NAGALAND
Nyahnyu,Naginimora S.O,798622,Phomching,MON,NAGALAND
Phomching Hq,Naginimora S.O,798622,Phomching,MON,NAGALAND
Wetting,Naginimora S.O,798622,Phomching,MON,NAGALAND
Bora Namsang,Baranamsang B.O,798622,Tamlu,LONGLENG,NAGALAND
Namthai,Naginimora S.O,798622,Naginimora,MON,NAGALAND
Phomching,Naginimora S.O,798622,Phomching,MON,NAGALAND
Pukha,Naginimora S.O,798622,Phomching,MON,NAGALAND
Kongon,Kongon B.O,798622,Naginimora,MON,NAGALAND
Tiru (Upper),Naginimora S.O,798622,Naginimora,MON,NAGALAND
Hotahoti,Naginimora S.O,798622,Naginimora,MON,NAGALAND
Naginimora Hq,Naginimora S.O,798622,Naginimora,MON,NAGALAND
Tiru (Lower),Naginimora S.O,798622,Naginimora,MON,NAGALAND
Tsudikong (13th Mile Tuli Paper Mill),Tzudikong S.O,798623,Tuli,MOKOKCHUNG,NAGALAND
Namching S/Comp.,Phomching B.O,798625,Longleng,LONGLENG,NAGALAND
Tangha,Yongyak B.O,798625,Yongya,TUENSANG,NAGALAND
Yongam,Yongyak B.O,798625,Yongya,TUENSANG,NAGALAND
Nian,Yongyak B.O,798625,Yongya,TUENSANG,NAGALAND
Pongo,Longleng S.O,798625,Longleng,LONGLENG,NAGALAND
Sakchi,Sakchi B.O,798625,Longleng,LONGLENG,NAGALAND
Yaong,Sakchi B.O,798625,Longleng,LONGLENG,NAGALAND
Yongya,Yongyak B.O,798625,Yongya,TUENSANG,NAGALAND
Longleng Hq,Longleng S.O,798625,Longleng,LONGLENG,NAGALAND
Longleng Mission Comp.,Longleng S.O,798625,Longleng,LONGLENG,NAGALAND
Yanching,Longleng S.O,798625,Longleng,LONGLENG,NAGALAND
Yongphang S/Comp.,Sakchi B.O,798625,Longleng,LONGLENG,NAGALAND
Aoching,Sakchi B.O,798625,Longleng,LONGLENG,NAGALAND
Pongo S/Comp.,Longleng S.O,798625,Longleng,LONGLENG,NAGALAND
Yongya Village,Yongyak B.O,798625,Yongya,TUENSANG,NAGALAND
Bhumnyu (Mongnyu),Longleng S.O,798625,Longleng,LONGLENG,NAGALAND
Longleng Leprosy Colony,Longleng S.O,798625,Longleng,LONGLENG,NAGALAND
Pongching,Phomching B.O,798625,Longleng,LONGLENG,NAGALAND
Yachem,Yachem B.O,798625,Longleng,LONGLENG,NAGALAND
Yongshei,Yachem B.O,798625,Yongya,TUENSANG,NAGALAND
Longleng,Longleng S.O,798625,Longleng,LONGLENG,NAGALAND
Mongtikong,Phomching B.O,798625,Longleng,LONGLENG,NAGALAND
Sakchiyimjong,Sakchi B.O,798625,Longleng,LONGLENG,NAGALAND
Yotan S/Comp.,Yongyak B.O,798625,Yongya,TUENSANG,NAGALAND
nian,Nian B.O,798625,Longleng,LONGLENG,NAGALAND
Yongphang,Yachem B.O,798625,Longleng,LONGLENG,NAGALAND
Hukpang,Hukpang B.O,798625,Longleng,LONGLENG,NAGALAND
Orangkong,Phomching B.O,798625,Longleng,LONGLENG,NAGALAND
Yongya Hq,Yongyak B.O,798625,Yongya,TUENSANG,NAGALAND
Lumami,Lumami S.O,798627,Akuluto,ZUNHEBOTTO,NAGALAND
Sumi Shitsu,Lumami S.O,798627,Akuluto,ZUNHEBOTTO,NAGALAND
Aizuto Mission Centre,Aizuto B.O,798627,Atoizu,ZUNHEBOTTO,NAGALAND
Shitsumi,Aizuto B.O,798627,Akuluto,ZUNHEBOTTO,NAGALAND
Zaphumi,Lumami S.O,798627,Akuluto,ZUNHEBOTTO,NAGALAND
